id,weight@double
1,0.17
2,0.11
3,0.48
4,0.63
5,0.72
6,0.42
7,0.07
8,0.72
9,0.91
10,0.95
11,0.17
12,0.71
13,0.25
14,0.79
15,0.37
17,0.77
16,0.29
19,0.04
18,0.52
21,0.59
20,0.91
23,0.09
22,0.46
25,0.73
24,0.71
27,0.98
26,0.71
29,0.79
28,0.9
31,0.01
30,0.16
34,0.02
35,0.22
32,0.49
33,0.23
38,0.98
39,0.26
36,0.72
37,0.48
42,0.96
43,0.75
40,0.45
41,0.68
46,0.02
47,0.46
44,0.94
45,0.57
51,0.43
50,0.43
49,0.3
48,0.2
55,0.96
54,0.29
53,0.36
52,0.96
59,0.97
58,1
57,0.57
56,0.6
63,0.27
62,0.97
61,0.13
60,0.26
68,0.12
69,0.38
70,0.78
71,0.24
64,0.1
65,0.14
66,0.88
67,0.71
76,0.56
77,0.01
78,0.89
79,0.45
72,0.39
73,0.89
74,0.57
75,0.33
85,0.21
84,0.47
87,0.96
86,0.01
81,0.98
80,0.03
83,0.98
82,0.24
93,0.52
92,0.5
95,0.99
94,0.74
89,0.26
88,0.34
91,0.79
90,0.67
102,0.53
103,0.42
100,0.78
101,0.62
98,0.85
99,0.36
96,0.46
97,0.7
110,0.49
111,0.63
108,0.45
109,0.69
106,0.3
107,0.13
104,0.37
105,0.59
119,0.92
118,0.57
117,0.95
116,0.68
115,0.01
114,0.77
113,0.06
112,0.41
127,0.7
126,0.44
125,0.63
124,0.27
123,0.71
122,0
121,0.33
120,0.28
137,0.42
136,0.53
139,0.8
138,0.32
141,0.22
140,0.77
143,0.63
142,0.41
129,0.92
128,0.9
131,0.76
130,0.42
133,0.28
132,0.76
135,0.07
134,0.7
152,0.09
153,0.83
154,0.77
155,0.72
156,0.83
157,0.41
158,0.89
159,0.71
144,0.1
145,0.2
146,0.91
147,0.89
148,0.9
149,0.62
150,0.21
151,0.19
171,0.72
170,0.9
169,0.89
168,0.54
175,0.97
174,0.45
173,0.44
172,0.52
163,0.39
162,0.63
161,0.16
160,0.5
167,0.57
166,0.33
165,0.78
164,0.6
186,0.16
187,0
184,0.88
185,0.91
190,0.4
191,0.63
188,0.41
189,0.24
178,0.8
179,0.63
176,0.7
177,0.91
182,0.24
183,0.66
180,0.53
181,0.07
205,0.52
204,0.59
207,0.3
206,0.32
201,0.49
200,0.39
203,0.35
202,0.36
197,0.19
196,0.57
199,0.2
198,0.78
193,0.03
192,0.55
195,0.51
194,0.34
220,0.99
221,0.51
222,0.28
223,0.05
216,0.82
217,0.71
218,0.77
219,0.09
212,0.95
213,0.58
214,0.98
215,0.57
208,0.35
209,0.69
210,0.7
211,0.78
239,0.61
238,0.71
237,0.25
236,0.49
235,0.91
234,0.41
233,0.92
232,0.05
231,0
230,0.14
229,0.52
228,0.58
227,0.35
226,0.77
225,0.03
224,0.81
254,0.54
255,0.72
252,0.37
253,0
250,0.59
251,0.53
248,0.22
249,0.55
246,0.51
247,0.75
244,0.76
245,0.69
242,0.33
243,0.04
240,0.37
241,0.2
275,0.35
274,0.73
273,0.86
272,0.75
279,0.49
278,0.27
277,0.9
276,0.97
283,0.83
282,0.34
281,0.8
280,0.38
287,0.45
286,0.71
285,0.93
284,0.69
258,0.82
259,0.4
256,0.06
257,0.95
262,0.12
263,0.87
260,0.3
261,0.73
266,0.29
267,0.74
264,0.25
265,0.41
270,0.35
271,0.56
268,0.63
269,0.4
305,0.73
304,0.16
307,0.4
306,0.13
309,0.2
308,0.14
311,0.44
310,0.39
313,0.12
312,0.93
315,0.1
314,0.78
317,0.17
316,0.41
319,0.93
318,0.73
288,0.14
289,0.48
290,0.1
291,0.9
292,0.44
293,0.93
294,0.16
295,0.31
296,0.22
297,0.35
298,0.25
299,0.33
300,0.43
301,0.79
302,0.5
303,0.94
343,0.72
342,0.4
341,0.78
340,0.58
339,0.62
338,0.2
337,0.6
336,0.43
351,0.17
350,0.91
349,0.41
348,0.69
347,0.25
346,0.47
345,0.48
344,0.22
326,0.54
327,0.11
324,0.73
325,0.46
322,0.2
323,0.11
320,0.23
321,0.62
334,0.9
335,0.17
332,0.84
333,0.82
330,0.52
331,0.26
328,0.56
329,0.52
373,0.87
372,0.85
375,0.24
374,0.87
369,0.06
368,0.61
371,0.16
370,0.19
381,0.78
380,0.16
383,0.39
382,0.84
377,0.41
376,0.52
379,0.56
378,0.73
356,0.51
357,0.81
358,0.47
359,0.86
352,0.94
353,0.08
354,0.09
355,0.92
364,0.3
365,0.38
366,0.3
367,0.58
360,0.77
361,0.11
362,0.94
363,0.8
410,0.1
411,0.33
408,0.37
409,0.75
414,0.92
415,0.58
412,0.53
413,0.23
402,0.15
403,0.42
400,0.44
401,0.38
406,0.88
407,0.92
404,0.75
405,0.07
395,0.96
394,0.08
393,0.25
392,0.22
399,0.57
398,1
397,0.61
396,0.95
387,0.89
386,0.8
385,0.24
384,0.52
391,0.13
390,0.91
389,0.51
388,0.57
440,0.87
441,0.65
442,0.31
443,0.34
444,0.27
445,0.86
446,0.12
447,0.17
432,0.04
433,0.43
434,0.02
435,0.95
436,0.03
437,0.74
438,0.55
439,0.56
425,0.43
424,0.05
427,0.8
426,0.06
429,0.09
428,0.1
431,0.32
430,0.72
417,0.82
416,0.23
419,0.07
418,0.77
421,0.13
420,0.79
423,0.3
422,0.04
478,0.41
479,0.55
476,0.24
477,0.73
474,0.8
475,0.37
472,0.78
473,0.68
470,0.15
471,0.42
468,0.12
469,0.8
466,0.3
467,0.97
464,0.98
465,0.49
463,0.55
462,0.56
461,0.18
460,0.04
459,0.6
458,0.44
457,0.07
456,0.58
455,0.49
454,1
453,0.59
452,0.06
451,0.92
450,0.75
449,0.26
448,0.53
508,0.41
509,0.78
510,0.09
511,0.95
504,0.86
505,0.07
506,0.55
507,0.62
500,0.79
501,0.79
502,0.12
503,0.29
496,0.4
497,0.03
498,0.36
499,0.88
493,0.74
492,0.37
495,0.7
494,0.05
489,0.57
488,0.96
491,0.89
490,0.52
485,0.33
484,0.77
487,0.98
486,0.3
481,0.61
480,0.27
483,0.11
482,0.23
550,0.79
551,0.47
548,0.55
549,0.02
546,0.88
547,0.19
544,0.73
545,0.47
558,0.74
559,0.99
556,0.78
557,0.55
554,0.72
555,0.43
552,0.41
553,0.42
567,0.2
566,0.67
565,0.97
564,0.4
563,0.29
562,0.74
561,0.13
560,0.67
575,0.8
574,0.63
573,0.94
572,0.38
571,0.82
570,0.16
569,0.64
568,0.43
516,0.81
517,0.81
518,0.26
519,0.43
512,0.95
513,0.55
514,0.09
515,0.98
524,0.47
525,0.79
526,0.56
527,0.5
520,0.04
521,0.79
522,0.55
523,0.77
533,0.08
532,0.83
535,0.29
534,0.36
529,0.63
528,0.55
531,0.86
530,0.15
541,0.7
540,0.37
543,0.06
542,0.26
537,0.46
536,0.64
539,0.06
538,0.76
610,0.39
611,0.87
608,0.32
609,0.71
614,0.72
615,0.31
612,0.39
613,0.14
618,0.47
619,0.66
616,0.13
617,1
622,0.43
623,0.03
620,0.5
621,1
627,0.98
626,0.4
625,0.24
624,0.97
631,0.03
630,0.63
629,0.48
628,0.09
635,0.63
634,0.07
633,0.55
632,0.3
639,0.79
638,0.69
637,0.78
636,0.89
576,0.74
577,0.73
578,0
579,0.36
580,0.51
581,0.79
582,0.14
583,0.32
584,0.93
585,0.5
586,0.22
587,0.3
588,0.44
589,0.85
590,0.07
591,0.32
593,0.66
592,0.38
595,0.52
594,0.98
597,0.77
596,0.7
599,0.61
598,0.96
601,0.85
600,0.92
603,0.13
602,0.85
605,0.78
604,0.67
607,0.31
606,0.35
687,0.15
686,0.92
685,0.72
684,0.99
683,0.64
682,0.7
681,0.61
680,0.7
679,0.65
678,0.55
677,0.58
676,0.8
675,0.55
674,0.45
673,0.25
672,0.11
702,0.98
703,0.68
700,0.07
701,0.19
698,0.41
699,0.28
696,0.24
697,0.07
694,0.22
695,0.25
692,0.19
693,0.08
690,0.57
691,0.11
688,0.44
689,0.66
653,0.1
652,0.94
655,0.27
654,0.68
649,0.13
648,0.49
651,0.09
650,0.93
645,0.15
644,0.57
647,0.31
646,0.95
641,0.81
640,0.49
643,0.54
642,0.11
668,0.11
669,0.92
670,0.42
671,0.91
664,0.6
665,0.2
666,0.08
667,0.4
660,0.55
661,0.89
662,0.19
663,0.02
656,0.37
657,0.87
658,0.74
659,0.65
747,0.58
746,0.25
745,0.31
744,0.68
751,0.47
750,0.05
749,0.39
748,0.08
739,0.13
738,0.32
737,0.44
736,0.46
743,0.83
742,0.33
741,0.48
740,0.91
762,0.01
763,0.38
760,0.27
761,0.75
766,0.99
767,0.37
764,0.23
765,0.65
754,0.06
755,0.68
752,0.37
753,0.94
758,0.46
759,0.42
756,0.22
757,0.13
713,0.71
712,0.3
715,0.07
714,0.25
717,0.83
716,0.6
719,0.63
718,0.79
705,0.05
704,0.21
707,0.63
706,0.79
709,0.88
708,0.49
711,0.53
710,0.73
728,0.17
729,0.3
730,0.39
731,0.66
732,0.58
733,0.84
734,0.06
735,0.51
720,0.19
721,0.34
722,0.62
723,0.91
724,0.5
725,0.48
726,0.28
727,0.7
821,0.53
820,0.98
823,0.35
822,0.8
817,0.36
816,0.83
819,0.18
818,0.7
829,0.08
828,0.25
831,0.29
830,0.83
825,0.41
824,0.35
827,0.09
826,0.35
804,0.48
805,0.34
806,0.66
807,0.16
800,0.09
801,0.06
802,0.31
803,0.23
812,0.64
813,0.48
814,0.68
815,0.61
808,0.11
809,0.87
810,0.91
811,0.89
791,0.14
790,0.17
789,0.75
788,0.34
787,0.83
786,0.33
785,0.01
784,0.14
799,0.24
798,0.25
797,0.83
796,0.84
795,0.66
794,0.16
793,0.86
792,0.37
774,0.54
775,0.37
772,0.5
773,0.86
770,0.81
771,0.43
768,0.51
769,0.44
782,0.59
783,0.95
780,0.51
781,0.44
778,0.66
779,0.56
776,0.14
777,0.5
881,0.99
880,0.7
883,0.1
882,0.05
885,0.53
884,0.26
887,0.13
886,0.02
889,0.79
888,0.25
891,0.21
890,0.66
893,0.63
892,0.22
895,0.36
894,0.71
864,0.07
865,0.44
866,0.38
867,0.26
868,0.53
869,0.08
870,0.59
871,0.14
872,0.27
873,0.39
874,0.01
875,0.82
876,0.31
877,0.05
878,0.74
879,0.23
851,0.5
850,0.42
849,0.26
848,0.21
855,0.32
854,0.22
853,0.36
852,0.02
859,0.87
858,0.19
857,0.73
856,0.21
863,0.25
862,0.37
861,0.82
860,0.32
834,0.64
835,0.03
832,0.75
833,0.71
838,0.82
839,0.88
836,0.79
837,0.04
842,0.73
843,0.06
840,0.9
841,0.81
846,0.36
847,0.95
844,0.13
845,0.52
956,0.88
957,0.57
958,0.04
959,0.35
952,0.07
953,0.42
954,0.38
955,0.02
948,0.42
949,0.88
950,0.07
951,0.13
944,0.8
945,0.72
946,0.21
947,0.16
941,0.61
940,0.57
943,0.11
942,0.74
937,0.49
936,0.74
939,0.77
938,0.11
933,0.84
932,0.87
935,0.89
934,0.88
929,0.76
928,0.84
931,0.65
930,0.69
926,0.2
927,0.46
924,0.46
925,0.62
922,0.24
923,0.11
920,0.92
921,0.76
918,0.32
919,0.19
916,0.58
917,0.77
914,0.6
915,0.58
912,0.55
913,0.47
911,0.38
910,0.21
909,0.37
908,0.53
907,0.34
906,0.15
905,0.99
904,0.34
903,0.58
902,0.71
901,0.11
900,0.06
899,0.92
898,0.36
897,0.92
896,0.27
1016,0.77
1017,0.3
1018,0.22
1019,0.42
1020,0.75
1021,0.21
1022,0.35
1023,0.77
1008,0.8
1009,0.44
1010,0.82
1011,0.37
1012,0.95
1013,0.73
1014,0.51
1015,0.23
1001,0.81
1000,0.74
1003,0.43
1002,0.7
1005,0.19
1004,0.94
1007,0.37
1006,0.84
993,0.58
992,0.04
995,0.74
994,0.18
997,0.83
996,0.52
999,0.61
998,0.6
986,0.71
987,0.33
984,0.4
985,0.34
990,0.09
991,0.24
988,0.36
989,0.54
978,0.07
979,0.13
976,0.34
977,0.55
982,0.3
983,0.86
980,0.23
981,0.89
971,0.95
970,0.94
969,0.07
968,0.33
975,0.09
974,0.34
973,0.16
972,0.09
963,0.87
962,0.65
961,0.97
960,0.56
967,0.25
966,0.37
965,0.32
964,0.76
1100,0.75
1101,0.2
1102,0.49
1103,0.24
1096,0.73
1097,0.44
1098,0.02
1099,0.95
1092,0.22
1093,0.9
1094,0.75
1095,0.99
1088,0.67
1089,0.28
1090,0.35
1091,0.39
1117,0.03
1116,0.03
1119,0.03
1118,0.18
1113,0.79
1112,0.24
1115,0.07
1114,0.53
1109,0.9
1108,0.78
1111,0.14
1110,0.73
1105,0.39
1104,0.75
1107,0.85
1106,0.59
1134,0.39
1135,0.63
1132,0.58
1133,0.71
1130,0.68
1131,0.22
1128,0.03
1129,0.93
1126,0.4
1127,0.65
1124,0.97
1125,0.38
1122,0.35
1123,0.94
1120,0.4
1121,0.34
1151,0.61
1150,0.4
1149,0.36
1148,0.29
1147,0.54
1146,0.73
1145,0.65
1144,0.31
1143,0.85
1142,0.38
1141,0.15
1140,0.59
1139,0.61
1138,0.47
1137,0.58
1136,0.12
1032,0.15
1033,0.22
1034,0.83
1035,0.65
1036,0.4
1037,0.8
1038,0.22
1039,0.38
1024,0.19
1025,0.03
1026,0.81
1027,0.63
1028,0.83
1029,0.57
1030,0.31
1031,0.57
1049,0.11
1048,0.67
1051,0.04
1050,0.66
1053,0.04
1052,0.86
1055,0.93
1054,0.4
1041,0.11
1040,0.73
1043,0.14
1042,0.69
1045,0.55
1044,0.6
1047,0.19
1046,0.13
1066,0.24
1067,0.64
1064,0.23
1065,0.18
1070,0.91
1071,0.1
1068,0.29
1069,0.37
1058,0.24
1059,0.13
1056,0.71
1057,0.34
1062,0.96
1063,0.23
1060,0.26
1061,0.81
1083,0.46
1082,0.88
1081,0.81
1080,0.34
1087,0.72
1086,0.74
1085,0.31
1084,0.81
1075,0.09
1074,0.19
1073,0.41
1072,0.83
1079,0.41
1078,0.09
1077,0.64
1076,0.05
1221,0.34
1220,0.96
1223,0.56
1222,0.82
1217,0.15
1216,0.95
1219,0.86
1218,0.55
1229,0.22
1228,0.39
1231,0.85
1230,0.48
1225,0.41
1224,0.98
1227,0.74
1226,0.7
1236,0.11
1237,0.06
1238,0.28
1239,0.63
1232,0.19
1233,0.73
1234,0.7
1235,0.22
1244,0.23
1245,0.32
1246,0.54
1247,0.89
1240,0.48
1241,0.61
1242,0.3
1243,0.05
1255,0.7
1254,0.3
1253,0.61
1252,0.81
1251,0.6
1250,0.41
1249,0.72
1248,0.79
1263,0.91
1262,0.8
1261,0.36
1260,0.35
1259,0.33
1258,0.87
1257,0.9
1256,0.03
1270,0.22
1271,0.9
1268,0.31
1269,0.64
1266,0.01
1267,0.05
1264,0.88
1265,0.71
1278,0.26
1279,0.17
1276,0.87
1277,0.91
1274,0.99
1275,0.63
1272,0.45
1273,0.41
1153,0.49
1152,0.71
1155,0.69
1154,0.82
1157,0.14
1156,0.52
1159,0.3
1158,0.15
1161,0.64
1160,0.34
1163,0.92
1162,0.79
1165,0.27
1164,0.14
1167,0.07
1166,0.22
1168,0.11
1169,0.8
1170,0.57
1171,0.07
1172,0.67
1173,0.51
1174,0.13
1175,0.85
1176,0.76
1177,0.84
1178,0.12
1179,0.4
1180,0.13
1181,0.81
1182,0.96
1183,0.11
1187,0.4
1186,0.28
1185,0.31
1184,0.8
1191,0.19
1190,0.14
1189,0.48
1188,0.04
1195,0.91
1194,0.68
1193,0.54
1192,0.65
1199,0.4
1198,0.72
1197,0.64
1196,0.03
1202,0.01
1203,0.14
1200,0.42
1201,0.16
1206,0.85
1207,0.57
1204,0.15
1205,0.99
1210,0.9
1211,0.28
1208,0.33
1209,0.95
1214,0.39
1215,0.52
1212,0.22
1213,0.72
1375,0.41
1374,0.51
1373,0.19
1372,0.14
1371,0.07
1370,0.14
1369,0.55
1368,0.63
1367,0.32
1366,0.1
1365,0.58
1364,0.45
1363,0.9
1362,0.93
1361,0.07
1360,0.6
1358,0.97
1359,0.74
1356,0.99
1357,0.04
1354,0.91
1355,0.61
1352,0.18
1353,0.78
1350,0.49
1351,0.4
1348,0.01
1349,0.02
1346,0.08
1347,0.74
1344,0.38
1345,0.48
1405,0.97
1404,0.97
1407,0.48
1406,0.05
1401,0.6
1400,0.82
1403,0.51
1402,0.51
1397,0.7
1396,0.7
1399,0.03
1398,0.39
1393,0.67
1392,0.44
1395,0.26
1394,0.64
1388,0.14
1389,0.59
1390,0.56
1391,0.18
1384,0.62
1385,0.48
1386,0.36
1387,0.01
1380,0.22
1381,0.34
1382,0.54
1383,0.06
1376,0.15
1377,0.17
1378,0.73
1379,0.7
1307,0.26
1306,0.13
1305,0.23
1304,0.22
1311,1
1310,0.5
1309,0.58
1308,0.66
1299,0.51
1298,0.79
1297,0.1
1296,0.48
1303,0.24
1302,0.52
1301,0.11
1300,0.92
1290,0.16
1291,0.95
1288,0.14
1289,0.19
1294,0.16
1295,0.27
1292,0.38
1293,0.63
1282,0.23
1283,0.04
1280,0.88
1281,0.82
1286,0.26
1287,0.52
1284,0.45
1285,0.31
1337,0.82
1336,0.53
1339,0.14
1338,0.69
1341,0.97
1340,0.53
1343,0.9
1342,0.59
1329,0.5
1328,0.66
1331,0.97
1330,0.09
1333,0.96
1332,0.48
1335,0.32
1334,0.04
1320,0.91
1321,0.48
1322,0.36
1323,0.82
1324,0.35
1325,0.31
1326,0.39
1327,0.05
1312,0.86
1313,0.07
1314,0.45
1315,0.92
1316,0.08
1317,0.12
1318,0.56
1319,0.8
1494,0.37
1495,0.12
1492,0.5
1493,1
1490,0.09
1491,0.34
1488,0.62
1489,0.76
1502,0.59
1503,0.43
1500,0.84
1501,0.57
1498,0.43
1499,0.41
1496,0.49
1497,0.38
1479,0.48
1478,0.84
1477,0.5
1476,0.26
1475,0.19
1474,0.52
1473,0.06
1472,0.71
1487,0.66
1486,0.69
1485,0.3
1484,0.69
1483,0.8
1482,0.8
1481,0.06
1480,0.24
1524,0.91
1525,0.93
1526,0.45
1527,0.58
1520,0.43
1521,0.94
1522,0.1
1523,0.26
1532,0.04
1533,0.31
1534,0.21
1535,0.25
1528,0.2
1529,0.14
1530,0.42
1531,0.32
1509,0.34
1508,0.36
1511,0.92
1510,0.6
1505,0.53
1504,0.9
1507,0.07
1506,0.84
1517,0.69
1516,0.15
1519,0.53
1518,0.26
1513,0.03
1512,0.95
1515,0.44
1514,0.73
1426,0.03
1427,0.89
1424,0.47
1425,0.4
1430,0.42
1431,0.51
1428,0.43
1429,0.74
1434,0.85
1435,0.99
1432,0.45
1433,0.63
1438,0.64
1439,0.45
1436,0.69
1437,0.79
1411,0.87
1410,0.12
1409,0.62
1408,0.66
1415,0.14
1414,0.29
1413,0.64
1412,0.53
1419,0.04
1418,0.26
1417,0.95
1416,0.85
1423,0.75
1422,0.88
1421,0.33
1420,0.94
1456,0.52
1457,0.99
1458,0.04
1459,0.86
1460,0.93
1461,0.33
1462,0.22
1463,0.57
1464,0.38
1465,0.36
1466,0.56
1467,0.82
1468,0.2
1469,0.58
1470,0.48
1471,0.95
1441,0.99
1440,0.12
1443,0.1
1442,0.94
1445,0.88
1444,0.47
1447,0.49
1446,0.06
1449,0.58
1448,0.21
1451,0.02
1450,0.41
1453,0.69
1452,0.41
1455,0.48
1454,0.01
1642,0.22
1643,0.65
1640,0.69
1641,0.92
1646,0.72
1647,0.97
1644,0.56
1645,0.28
1634,0.28
1635,0.42
1632,0.22
1633,0.28
1638,0.79
1639,0.89
1636,0.64
1637,0.18
1659,0.2
1658,0.86
1657,0.46
1656,0.96
1663,0.27
1662,0.36
1661,0.92
1660,0.37
1651,0.03
1650,0.63
1649,0.97
1648,0.39
1655,0.87
1654,0.7
1653,0.92
1652,0.64
1608,0.08
1609,0.35
1610,0.19
1611,0.49
1612,0.98
1613,0.64
1614,0.32
1615,0.21
1600,0.64
1601,0.5
1602,0.07
1603,0.75
1604,0.46
1605,0.88
1606,0.03
1607,0.34
1625,0.74
1624,0.03
1627,0.76
1626,0.71
1629,0.15
1628,0.65
1631,0.24
1630,0.93
1617,0.19
1616,0.89
1619,0.24
1618,0.86
1621,0.38
1620,0.39
1623,0.46
1622,0.46
1582,0.48
1583,0.52
1580,0.06
1581,0.11
1578,0.22
1579,0.89
1576,0.65
1577,0.46
1574,0.36
1575,0.68
1572,0.29
1573,0.44
1570,0.36
1571,0.38
1568,0.04
1569,0.24
1599,0.06
1598,0.53
1597,0.62
1596,0.46
1595,0.74
1594,0.47
1593,0.37
1592,0.75
1591,0.48
1590,0.7
1589,0.17
1588,0.81
1587,0.45
1586,0.87
1585,0.33
1584,0.65
1548,0.87
1549,0.6
1550,0.23
1551,0.77
1544,0.42
1545,0.48
1546,0.71
1547,0.03
1540,0.83
1541,0.46
1542,0.33
1543,0.52
1536,0.9
1537,0.04
1538,0.49
1539,0.39
1565,0.55
1564,0.74
1567,0.09
1566,0.75
1561,0.86
1560,0.51
1563,0.73
1562,0.7
1557,0.72
1556,0.88
1559,0.86
1558,0.74
1553,0.78
1552,0.97
1555,0.15
1554,0.78
1763,0.58
1762,0.52
1761,0.11
1760,0.14
1767,0.36
1766,0.59
1765,0.72
1764,0.28
1771,0.82
1770,0.76
1769,1
1768,0.81
1775,0.18
1774,0.03
1773,0.62
1772,0.95
1778,0.48
1779,0.01
1776,0.71
1777,0.68
1782,0.41
1783,0.26
1780,0.38
1781,0.03
1786,0.17
1787,0.44
1784,0.38
1785,0.52
1790,0.06
1791,0.71
1788,0.13
1789,0.92
1729,0.9
1728,0.22
1731,0.73
1730,0.88
1733,0.26
1732,0.16
1735,0.18
1734,0.56
1737,0.61
1736,0.03
1739,0.72
1738,0.7
1741,0.68
1740,0.03
1743,0.46
1742,0
1744,0.25
1745,0.38
1746,0.89
1747,0.41
1748,0.14
1749,0.58
1750,0.41
1751,0.18
1752,0.76
1753,0.9
1754,0.17
1755,0.41
1756,0.79
1757,0.46
1758,0.52
1759,0.03
1703,0.41
1702,0.62
1701,0.29
1700,0.33
1699,0.63
1698,0.63
1697,0.43
1696,0.18
1711,0.43
1710,0.74
1709,0.11
1708,0.42
1707,0.2
1706,0.43
1705,0.39
1704,0.02
1718,0.8
1719,0.62
1716,0.52
1717,0.92
1714,0.61
1715,0.42
1712,0.58
1713,0.86
1726,0.65
1727,0.86
1724,0.69
1725,0.42
1722,0.33
1723,0.26
1720,0.29
1721,0.54
1669,0.6
1668,0.66
1671,0.82
1670,0.39
1665,0.4
1664,0.76
1667,0.34
1666,0.55
1677,0.06
1676,0.06
1679,0.73
1678,0.43
1673,0
1672,0.81
1675,0.97
1674,0.6
1684,0.35
1685,0.49
1686,0.81
1687,0.07
1680,0.47
1681,0.9
1682,0.14
1683,0.3
1692,0.99
1693,0.79
1694,0.37
1695,0.92
1688,0.22
1689,0.42
1690,0.09
1691,0.22
1913,0.67
1912,0.75
1915,0.23
1914,0.65
1917,0.3
1916,0.84
1919,0.38
1918,0.61
1905,0.79
1904,0.79
1907,0.14
1906,0.17
1909,0.28
1908,0.66
1911,0.99
1910,0.47
1896,0.38
1897,0.19
1898,0.38
1899,0.8
1900,0.91
1901,0.6
1902,0.08
1903,0.81
1888,0.96
1889,0.11
1890,0.73
1891,0.4
1892,0.74
1893,0.35
1894,0.44
1895,0.29
1883,0.66
1882,0.36
1881,0.48
1880,0.81
1887,0.45
1886,0.1
1885,0.84
1884,0.5
1875,0.49
1874,0.56
1873,0.2
1872,0.99
1879,0.82
1878,0.36
1877,0.8
1876,0.69
1866,0.78
1867,0.16
1864,0.66
1865,0.7
1870,0.46
1871,0.04
1868,0.4
1869,0.61
1858,0.01
1859,0.5
1856,0.85
1857,0.6
1862,0.67
1863,0.69
1860,0.17
1861,0.78
1853,0.73
1852,0.88
1855,0.07
1854,0.28
1849,0.25
1848,0.33
1851,0.38
1850,0.51
1845,0.1
1844,0.23
1847,0.59
1846,0.36
1841,0.95
1840,0.38
1843,0.91
1842,0.17
1836,0.4
1837,0.05
1838,0.43
1839,0.74
1832,0.92
1833,0.53
1834,0.8
1835,0.82
1828,0.45
1829,0.47
1830,0.98
1831,0.85
1824,0.4
1825,0.62
1826,0.15
1827,0.16
1823,0.79
1822,0.78
1821,0.78
1820,0.12
1819,0.48
1818,0.83
1817,0.72
1816,0.2
1815,0.2
1814,0.64
1813,0.63
1812,0.32
1811,0.69
1810,0.75
1809,0.75
1808,0.37
1806,0.68
1807,0.98
1804,0.71
1805,0.34
1802,0.65
1803,0.13
1800,0.57
1801,0.82
1798,0.13
1799,0.16
1796,0.48
1797,0.59
1794,0.22
1795,0.45
1792,0.17
1793,0.15
2032,0.33
2033,0.97
2034,0.66
2035,0.14
2036,0.71
2037,0.53
2038,0.72
2039,0.88
2040,0.96
2041,0.52
2042,0.29
2043,0.2
2044,0.22
2045,0.79
2046,0.8
2047,0.33
2017,0.67
2016,0.05
2019,0.85
2018,0.56
2021,0.06
2020,0.99
2023,0.7
2022,0.76
2025,0.55
2024,0.41
2027,0.01
2026,0.25
2029,0.84
2028,0.51
2031,0.21
2030,0.88
2002,0.5
2003,0.43
2000,0.22
2001,0.31
2006,0.85
2007,0.42
2004,0.62
2005,0.24
2010,0.27
2011,0.64
2008,0.48
2009,0.54
2014,0.52
2015,0.09
2012,0.88
2013,0.87
1987,0.21
1986,0.09
1985,0.91
1984,0.69
1991,0.3
1990,0.87
1989,0.28
1988,0.35
1995,0.1
1994,0.08
1993,0.89
1992,0.32
1999,0.27
1998,0.19
1997,0.84
1996,0.25
1972,0.45
1973,0.08
1974,0.93
1975,0.41
1968,0.08
1969,0.22
1970,0.5
1971,0.3
1980,0.12
1981,0.33
1982,0.61
1983,0.35
1976,0.34
1977,0.72
1978,0.74
1979,0.08
1957,0.39
1956,0.65
1959,0.22
1958,0.96
1953,0.34
1952,0.9
1955,0.11
1954,0.96
1965,0.57
1964,0.59
1967,0.81
1966,0.65
1961,0.78
1960,0.34
1963,0.92
1962,0.49
1942,0.9
1943,0.91
1940,0.95
1941,0.89
1938,0.93
1939,0.23
1936,0.12
1937,0.56
1950,0.31
1951,0.09
1948,0.38
1949,0.5
1946,0.35
1947,0.67
1944,0.86
1945,0.07
1927,0.29
1926,0.26
1925,0.25
1924,0.59
1923,0.14
1922,0.63
1921,0.62
1920,0.85
1935,0.95
1934,0.77
1933,0.73
1932,0.09
1931,0.3
1930,0.8
1929,0.59
1928,0.07
2200,0.01
2201,0.36
2202,0.11
2203,0.05
2204,0.67
2205,0.55
2206,0.85
2207,0.45
2192,0.28
2193,0.57
2194,0.8
2195,0.47
2196,0.58
2197,0.61
2198,0.54
2199,0.95
2185,0.91
2184,0.91
2187,0.73
2186,0.06
2189,0.17
2188,0.3
2191,0.96
2190,0.77
2177,0.44
2176,0.89
2179,0.03
2178,0.23
2181,0.9
2180,0.32
2183,0.39
2182,0.8
2234,0.44
2235,0.93
2232,0.11
2233,0.42
2238,0.92
2239,0.48
2236,0.98
2237,0.98
2226,0.31
2227,0.75
2224,0.49
2225,0.3
2230,0.13
2231,0.87
2228,0.21
2229,0.06
2219,0.41
2218,0.85
2217,0.98
2216,0.6
2223,0.16
2222,0.4
2221,0.44
2220,0.71
2211,0.73
2210,0.01
2209,0.96
2208,0.58
2215,0.65
2214,0.58
2213,0.76
2212,0.17
2268,0.7
2269,0.08
2270,0.03
2271,0.38
2264,0.52
2265,0.12
2266,0.23
2267,0.67
2260,0.88
2261,0.38
2262,0.23
2263,0.75
2256,0.04
2257,0.6
2258,0.01
2259,0.45
2253,0.54
2252,0.52
2255,0.52
2254,0.96
2249,0.09
2248,0.41
2251,0.11
2250,0.02
2245,0.52
2244,0.5
2247,0.28
2246,0.81
2241,0.65
2240,0.6
2243,0.75
2242,0.98
2302,0.74
2303,0.35
2300,0.05
2301,0.07
2298,0.63
2299,0.34
2296,0.46
2297,0.73
2294,0.35
2295,0.68
2292,0.74
2293,0.82
2290,0.54
2291,0.3
2288,0.59
2289,0.64
2287,0.4
2286,0.88
2285,0.91
2284,0.47
2283,0.41
2282,0.87
2281,0.67
2280,0.62
2279,0.3
2278,0.87
2277,0.17
2276,0.39
2275,0.33
2274,0.27
2273,0.9
2272,0.2
2065,0.75
2064,0.7
2067,0.42
2066,0.54
2069,0.14
2068,0.93
2071,0.74
2070,0.46
2073,0.86
2072,0.23
2075,0.7
2074,0.4
2077,0.4
2076,0.51
2079,0.21
2078,0.57
2048,0.35
2049,0.84
2050,0.9
2051,0.24
2052,0.58
2053,0.64
2054,0.6
2055,0.63
2056,0.37
2057,0.87
2058,0.41
2059,0.4
2060,0.01
2061,0.27
2062,0.52
2063,0.07
2099,0.33
2098,0.2
2097,0.69
2096,0.12
2103,0.25
2102,0.96
2101,0.57
2100,0.96
2107,0.44
2106,0.23
2105,0.1
2104,0.26
2111,0.71
2110,0.77
2109,0.06
2108,0.87
2082,0.23
2083,0.06
2080,0.71
2081,0.73
2086,0.77
2087,0.44
2084,0.54
2085,0.1
2090,0.13
2091,0.73
2088,0.8
2089,0.58
2094,0.73
2095,0.08
2092,0.05
2093,0.46
2133,0.72
2132,0.85
2135,0.17
2134,0.08
2129,0.34
2128,0.49
2131,0.38
2130,0.02
2141,0.46
2140,0.89
2143,0.7
2142,0.24
2137,0.71
2136,0.87
2139,0.8
2138,0.32
2116,0.87
2117,0.93
2118,0.69
2119,0.5
2112,0.86
2113,0.64
2114,0.94
2115,0.1
2124,0.57
2125,0.79
2126,0.8
2127,0.72
2120,0.28
2121,0.41
2122,0.83
2123,0.5
2167,0.47
2166,0.73
2165,0.69
2164,0.52
2163,0.13
2162,0.45
2161,0.34
2160,0.3
2175,0.24
2174,0.11
2173,0.9
2172,0.67
2171,0.05
2170,0.32
2169,0.41
2168,0.59
2150,0.76
2151,0.82
2148,0.16
2149,0.2
2146,0.72
2147,0.28
2144,0.91
2145,1
2158,0.07
2159,0.29
2156,0.46
2157,0.17
2154,0.5
2155,0.72
2152,0.01
2153,0.43
2443,0.24
2442,0.38
2441,0.59
2440,0.48
2447,0.98
2446,0.8
2445,0.32
2444,0.78
2435,0.98
2434,0.46
2433,0.71
2432,0.17
2439,0.17
2438,0.02
2437,0.25
2436,0.25
2458,0.99
2459,0.59
2456,0.48
2457,0.89
2462,0.64
2463,0.35
2460,0.4
2461,0.03
2450,0.42
2451,0.43
2448,0.6
2449,0.73
2454,0.85
2455,0.12
2452,0.75
2453,0.67
2473,0.9
2472,0.41
2475,0.87
2474,0.39
2477,0.57
2476,0.95
2479,0.16
2478,0.4
2465,0.89
2464,0.36
2467,0.08
2466,0.47
2469,0.01
2468,0.29
2471,0.4
2470,0.97
2488,0.52
2489,0.33
2490,0.44
2491,0.51
2492,0.13
2493,0.32
2494,0.52
2495,0.06
2480,0.11
2481,0.66
2482,0.2
2483,0.69
2484,0.23
2485,0.43
2486,0.65
2487,0.26
2511,0.85
2510,0.41
2509,0.74
2508,0.65
2507,0.73
2506,0.41
2505,0.19
2504,0.97
2503,0.59
2502,0.47
2501,0.46
2500,0.75
2499,0.93
2498,0.05
2497,0.18
2496,0.01
2526,0.62
2527,0.37
2524,0.87
2525,0.67
2522,0.9
2523,0.96
2520,0.26
2521,0.69
2518,0.82
2519,0.32
2516,0.07
2517,0.18
2514,0.01
2515,0.55
2512,0.49
2513,0.4
2541,0.63
2540,0.01
2543,0.35
2542,0.57
2537,0.6
2536,0.67
2539,0.99
2538,0.4
2533,0.78
2532,0.45
2535,0.51
2534,0.99
2529,0.87
2528,0.31
2531,0.04
2530,0
2556,0.56
2557,0.54
2558,0.45
2559,0.64
2552,0.07
2553,0.31
2554,0.29
2555,0.46
2548,0.21
2549,0.35
2550,0.79
2551,0.73
2544,0.33
2545,0.04
2546,0.16
2547,0.36
2306,0.75
2307,0.34
2304,0.7
2305,0.49
2310,0.92
2311,0.42
2308,0.38
2309,0.07
2314,0.1
2315,0.84
2312,0.23
2313,0.73
2318,0.84
2319,0.89
2316,0.58
2317,0.87
2323,0.57
2322,0.63
2321,0.84
2320,0.67
2327,0.71
2326,0.02
2325,0.15
2324,0.51
2331,0.95
2330,0.44
2329,0.84
2328,0.12
2335,0.69
2334,0.95
2333,0.8
2332,0.54
2336,0.74
2337,0.58
2338,0.94
2339,0.17
2340,0.75
2341,0.89
2342,0.7
2343,0.54
2344,0.32
2345,0.28
2346,0.2
2347,0.01
2348,0.51
2349,0.37
2350,0.9
2351,0.09
2353,0.11
2352,0.21
2355,0.02
2354,0.46
2357,0.54
2356,0.85
2359,0.6
2358,0.3
2361,0.02
2360,0.29
2363,0.02
2362,0.44
2365,0.72
2364,0.95
2367,0.34
2366,0.88
2374,0.56
2375,0.89
2372,0.8
2373,0.43
2370,0.26
2371,0.56
2368,0.3
2369,0.43
2382,0.71
2383,0.94
2380,0.12
2381,0.55
2378,0.25
2379,0.33
2376,0.16
2377,0.21
2391,0.27
2390,0.56
2389,0.93
2388,0.92
2387,0.96
2386,0.44
2385,0.28
2384,0.66
2399,0.15
2398,0.21
2397,0.15
2396,0.43
2395,0.27
2394,0.65
2393,0.14
2392,0.45
2404,0.12
2405,0.5
2406,0.36
2407,0.06
2400,0.86
2401,0.02
2402,0.32
2403,0.63
2412,0.72
2413,0.2
2414,0.65
2415,0.25
2408,0.2
2409,0.82
2410,0.39
2411,0.53
2421,0.5
2420,0.95
2423,0.26
2422,0.23
2417,0.27
2416,0.39
2419,0.56
2418,0.15
2429,0.71
2428,0.9
2431,0.94
2430,0.07
2425,0.67
2424,0.2
2427,0.92
2426,0.29
2750,0.15
2751,0.12
2748,0.98
2749,0.92
2746,0.62
2747,0.17
2744,0.66
2745,0.72
2742,0.85
2743,0.61
2740,0.36
2741,0.87
2738,0.79
2739,0.04
2736,0.58
2737,0.13
2735,0.57
2734,0.17
2733,0.61
2732,0.08
2731,0.18
2730,0.5
2729,0.71
2728,0.54
2727,0.62
2726,0.54
2725,0.2
2724,0.37
2723,0.35
2722,0.15
2721,0.01
2720,0.55
2716,0.29
2717,0.54
2718,0.56
2719,0.41
2712,0.82
2713,0.6
2714,0.3
2715,0.63
2708,0.8
2709,0.05
2710,0.1
2711,0.97
2704,0.37
2705,0.39
2706,1
2707,0.06
2701,0.81
2700,0.24
2703,0.79
2702,0.18
2697,0.52
2696,0.32
2699,0.29
2698,0.62
2693,0.73
2692,0.09
2695,0.19
2694,0.51
2689,0.58
2688,0.5
2691,0.77
2690,0.85
2810,0.4
2811,0.5
2808,0.01
2809,0.01
2814,0.87
2815,0.26
2812,0.76
2813,0.55
2802,0.9
2803,0.21
2800,0.52
2801,0.15
2806,0.16
2807,0.61
2804,0.75
2805,0.9
2795,0.53
2794,0.4
2793,0.49
2792,0.05
2799,0.3
2798,0.92
2797,0.71
2796,0.29
2787,0.26
2786,0.86
2785,0.37
2784,0.1
2791,0.55
2790,0.1
2789,0.26
2788,0.87
2776,0.18
2777,0.84
2778,0.97
2779,0.25
2780,0.39
2781,0.36
2782,0.87
2783,0.13
2768,0.73
2769,0.22
2770,0.83
2771,0.46
2772,0.42
2773,0.28
2774,0.62
2775,0.4
2761,0.76
2760,0.44
2763,0.06
2762,0.01
2765,0.85
2764,0.94
2767,0.22
2766,0.83
2753,0.61
2752,0.31
2755,0.24
2754,0.82
2757,0.71
2756,0.23
2759,0.24
2758,0.21
2615,0.97
2614,0.87
2613,0.79
2612,0.83
2611,0.6
2610,0.54
2609,0.77
2608,0.9
2623,0.03
2622,0.65
2621,0.88
2620,0.13
2619,0.89
2618,0.56
2617,0.11
2616,0.55
2598,0.19
2599,0.1
2596,0.66
2597,0.46
2594,0.44
2595,0.86
2592,0.95
2593,0.42
2606,0.39
2607,0.14
2604,0.55
2605,0.21
2602,0.26
2603,0.4
2600,0.31
2601,0.53
2581,0.87
2580,0.99
2583,0.78
2582,0.99
2577,0.94
2576,0.25
2579,0.22
2578,0.93
2589,0.85
2588,0.64
2591,0.42
2590,0.54
2585,0.47
2584,0.13
2587,0.81
2586,0.76
2564,0.41
2565,0.88
2566,0.6
2567,0.42
2560,0.9
2561,0.54
2562,0.36
2563,0.98
2572,0.7
2573,0.58
2574,0.7
2575,0.76
2568,0.03
2569,0.5
2570,0.4
2571,0.88
2675,0.07
2674,0.55
2673,0.65
2672,0.18
2679,0.93
2678,0.44
2677,0.02
2676,0.75
2683,0.94
2682,0.39
2681,0.65
2680,0.39
2687,0.14
2686,0.43
2685,0.92
2684,0.38
2658,0.35
2659,0.05
2656,0.93
2657,0.23
2662,0.69
2663,0.97
2660,0.84
2661,0.22
2666,0.61
2667,0.95
2664,0.39
2665,0.25
2670,0.45
2671,0.14
2668,0.46
2669,0.32
2641,0.42
2640,0.01
2643,0.27
2642,0.94
2645,0.28
2644,0.44
2647,0.86
2646,0.53
2649,0.41
2648,0.82
2651,0.03
2650,0.16
2653,0.15
2652,0.09
2655,0.09
2654,0.4
2624,0
2625,0.84
2626,0.32
2627,0.64
2628,0.15
2629,0.38
2630,0.59
2631,0.88
2632,1
2633,0.5
2634,0.58
2635,0.31
2636,0.94
2637,0.19
2638,0.38
2639,0.8
2989,0.29
2988,0.3
2991,0.61
2990,0.02
2985,0.28
2984,0.14
2987,0.26
2986,0.53
2981,0.63
2980,0.5
2983,0.28
2982,0.85
2977,0.45
2976,0.73
2979,0.51
2978,0.48
3004,0.37
3005,0.02
3006,0.13
3007,0.04
3000,0.91
3001,0.42
3002,0.78
3003,0.37
2996,0.52
2997,0.45
2998,0.6
2999,0.27
2992,0.42
2993,0.7
2994,0.2
2995,0.23
2959,0.64
2958,0.44
2957,0.01
2956,0.82
2955,0.4
2954,0.39
2953,0.87
2952,0.7
2951,0.39
2950,0.89
2949,0.7
2948,0.89
2947,0.38
2946,0.83
2945,0.19
2944,0.14
2974,0.7
2975,0.6
2972,0.79
2973,0.98
2970,0.74
2971,0.78
2968,0.91
2969,0.47
2966,0.9
2967,0.31
2964,0.59
2965,0.22
2962,0.11
2963,0.94
2960,0.57
2961,0.87
3049,0.34
3048,0.42
3051,0.65
3050,0.99
3053,0.17
3052,0.63
3055,0.95
3054,0.7
3041,0.25
3040,0.71
3043,0.71
3042,0.37
3045,0.57
3044,0.04
3047,0.59
3046,0.29
3064,0.92
3065,0.82
3066,0.38
3067,0.95
3068,0.46
3069,0.92
3070,0.45
3071,0.46
3056,0.5
3057,0.44
3058,0.2
3059,0.34
3060,0.62
3061,0.77
3062,0.43
3063,0.94
3019,0.83
3018,0.32
3017,0.24
3016,0.35
3023,0.28
3022,0.85
3021,0.16
3020,0.98
3011,0.26
3010,0.65
3009,0.62
3008,0.46
3015,0.17
3014,0.58
3013,0.38
3012,0.91
3034,0.39
3035,0.46
3032,0.51
3033,0.36
3038,0.23
3039,0.12
3036,0.75
3037,0.35
3026,0.01
3027,0.89
3024,0.42
3025,0.52
3030,0.21
3031,0.22
3028,0.97
3029,0.46
2852,0.85
2853,0.71
2854,0.03
2855,0
2848,0.97
2849,0.71
2850,0.56
2851,0.28
2860,0.8
2861,0.36
2862,0.7
2863,0.18
2856,0.22
2857,0.01
2858,0.55
2859,0.09
2869,0.8
2868,0.27
2871,0.38
2870,0.86
2865,0.02
2864,0.75
2867,0.12
2866,0.49
2877,0.55
2876,0.41
2879,0.84
2878,0.1
2873,0.4
2872,0.36
2875,0.81
2874,0.38
2822,0.62
2823,0.25
2820,0.05
2821,0.74
2818,0.64
2819,0.93
2816,0.82
2817,0.23
2830,0.76
2831,0.57
2828,0.43
2829,0.28
2826,0.38
2827,0.15
2824,0.71
2825,0.24
2839,0.45
2838,0.79
2837,0.2
2836,0.81
2835,0.38
2834,0.85
2833,0.26
2832,0.32
2847,0.88
2846,0.83
2845,0.99
2844,0.07
2843,0.72
2842,0.35
2841,0.44
2840,0.94
2912,0.12
2913,0.58
2914,0.54
2915,0.7
2916,0.72
2917,0.01
2918,0.81
2919,0.34
2920,0.95
2921,0.55
2922,0.07
2923,0.5
2924,0.84
2925,0.37
2926,0.69
2927,0.57
2929,0.67
2928,0.29
2931,0.71
2930,0.08
2933,0.39
2932,0.82
2935,0.88
2934,0.43
2937,1
2936,0.55
2939,0.06
2938,0.27
2941,0.8
2940,0.83
2943,0.96
2942,0.27
2882,0.72
2883,0.42
2880,0.74
2881,0.23
2886,0.77
2887,0.08
2884,0.31
2885,0.14
2890,0.71
2891,0.82
2888,0.45
2889,0.98
2894,0.5
2895,0.99
2892,0.31
2893,0.85
2899,0.54
2898,0.05
2897,0.1
2896,0.04
2903,0.95
2902,0.56
2901,0.57
2900,0.89
2907,0.84
2906,0.42
2905,0.78
2904,0.08
2911,0.69
2910,0.51
2909,0.98
2908,0.25
3284,0.97
3285,1
3286,0.8
3287,0.04
3280,0.88
3281,0.08
3282,0.01
3283,0.59
3292,0.84
3293,0.06
3294,1
3295,0.02
3288,0.41
3289,0.03
3290,0.52
3291,0.36
3269,0.88
3268,0.88
3271,0.06
3270,0.84
3265,0.23
3264,0.66
3267,0.95
3266,0.75
3277,0.34
3276,0.77
3279,0.59
3278,0.18
3273,0.35
3272,0.97
3275,0.83
3274,0.63
3318,0.71
3319,0.62
3316,0.06
3317,0.61
3314,0.26
3315,0.16
3312,0.81
3313,0.79
3326,0.75
3327,0.32
3324,0.03
3325,0.97
3322,0.45
3323,0.18
3320,0.66
3321,0.15
3303,0.4
3302,0.83
3301,0.2
3300,0.94
3299,0.44
3298,1
3297,0.06
3296,0.87
3311,0.72
3310,0.73
3309,0.07
3308,0.66
3307,0.54
3306,0.81
3305,0.02
3304,0.39
3216,0.42
3217,0.59
3218,0.5
3219,0.8
3220,0.12
3221,0.36
3222,0.29
3223,0.86
3224,0.83
3225,0.45
3226,0.3
3227,0.47
3228,0.24
3229,0.02
3230,0.07
3231,0.51
3201,0.23
3200,0.21
3203,0.56
3202,0.84
3205,0.84
3204,0.48
3207,0.97
3206,0.93
3209,0.98
3208,0.78
3211,0.59
3210,0.33
3213,0.82
3212,0.96
3215,0.92
3214,0.33
3250,0.8
3251,0.3
3248,0.5
3249,0.77
3254,0.8
3255,0.47
3252,0.48
3253,0.16
3258,0.13
3259,0.79
3256,0.79
3257,0.9
3262,0.35
3263,0.5
3260,0.89
3261,0.75
3235,0.59
3234,0.85
3233,0.56
3232,0.13
3239,0.93
3238,0.1
3237,0.69
3236,0.81
3243,0.7
3242,0.58
3241,0.25
3240,0.32
3247,0.86
3246,0.29
3245,0.71
3244,0.96
3165,0.58
3164,0.64
3167,0.76
3166,0.1
3161,0.11
3160,0.23
3163,0.89
3162,0.67
3157,0.27
3156,0.08
3159,0.72
3158,0.1
3153,0.71
3152,0.61
3155,0.15
3154,0.1
3148,0.76
3149,0.6
3150,0.04
3151,0.75
3144,0.99
3145,0.19
3146,0.27
3147,0.02
3140,0.04
3141,0.05
3142,0.99
3143,0.88
3136,0.01
3137,0.45
3138,0.58
3139,0.6
3199,0.65
3198,0.58
3197,0.58
3196,0.22
3195,0.97
3194,0.74
3193,0.73
3192,0.68
3191,0.54
3190,0.71
3189,0.88
3188,0.28
3187,0.3
3186,0.43
3185,0.05
3184,0.03
3182,0.31
3183,0.04
3180,0.62
3181,0.49
3178,0.8
3179,0.01
3176,0.23
3177,0.61
3174,0.04
3175,0.63
3172,0.07
3173,0.51
3170,0.12
3171,0.97
3168,0.18
3169,0.72
3097,0.36
3096,0.11
3099,0.32
3098,0.99
3101,0.28
3100,0.07
3103,0.46
3102,0.72
3089,0.33
3088,0.11
3091,0.17
3090,0.26
3093,0.07
3092,0.28
3095,0.6
3094,0.7
3080,0.52
3081,0.57
3082,0.31
3083,0.78
3084,0.64
3085,0.45
3086,0.14
3087,0.14
3072,0.13
3073,0.9
3074,0.7
3075,0.23
3076,0.56
3077,0.59
3078,0.3
3079,0.58
3131,0.12
3130,0.29
3129,0.13
3128,0.64
3135,0.02
3134,0.22
3133,0.52
3132,0.72
3123,0.81
3122,0.44
3121,0.34
3120,0.93
3127,0.14
3126,0.22
3125,0.38
3124,0.67
3114,0.14
3115,0.54
3112,0.38
3113,0.69
3118,0.55
3119,0.13
3116,0.56
3117,0.02
3106,0.89
3107,0.36
3104,0.97
3105,0.2
3110,0.55
3111,0.87
3108,0.83
3109,0.07
3527,0.25
3526,0.7
3525,0.9
3524,0.9
3523,0.63
3522,0.24
3521,0.34
3520,0.46
3535,0.75
3534,0.56
3533,0.08
3532,0.92
3531,0.23
3530,0.76
3529,0.64
3528,0.94
3542,0.34
3543,0.88
3540,0.45
3541,0.2
3538,0.78
3539,0.65
3536,0.12
3537,0.04
3550,0.11
3551,0.51
3548,0.97
3549,0.51
3546,0.7
3547,0.03
3544,0.95
3545,0.83
3557,0.06
3556,1
3559,0.54
3558,0.39
3553,0.64
3552,0.67
3555,0.62
3554,0.19
3565,0.75
3564,0.19
3567,0.29
3566,0.57
3561,0.3
3560,0.86
3563,0.61
3562,0.15
3572,0.88
3573,0.73
3574,0.81
3575,0.71
3568,0.59
3569,0.14
3570,0.96
3571,0.17
3580,0.03
3581,0.16
3582,0.3
3583,0.31
3576,0.83
3577,0.04
3578,0.61
3579,0.62
3459,0.16
3458,0.86
3457,0.42
3456,0.24
3463,0.5
3462,0.17
3461,0.82
3460,0.61
3467,0.6
3466,0.35
3465,0.61
3464,0.16
3471,0.53
3470,0.11
3469,0.08
3468,0.05
3474,0.64
3475,0.55
3472,0.09
3473,0.83
3478,0.17
3479,0.01
3476,0.3
3477,0.62
3482,0.9
3483,0.96
3480,0.62
3481,0.11
3486,0.02
3487,0.97
3484,0.15
3485,0.9
3489,0.09
3488,0.05
3491,0.11
3490,0.02
3493,0.75
3492,0.42
3495,0.92
3494,0
3497,0.93
3496,0.06
3499,0.26
3498,0.32
3501,0.49
3500,0.19
3503,0.23
3502,0.28
3504,0.28
3505,0.28
3506,0.03
3507,0.38
3508,0.97
3509,0.03
3510,0.38
3511,0.11
3512,0.72
3513,0.29
3514,0.65
3515,0.36
3516,0.92
3517,0.59
3518,0.32
3519,0.72
3406,0.13
3407,0.83
3404,0.33
3405,0.87
3402,0.34
3403,0.32
3400,0.44
3401,0.68
3398,0.12
3399,0.29
3396,1
3397,0.77
3394,0.54
3395,0.66
3392,0.67
3393,0.34
3423,0.22
3422,0.89
3421,0.67
3420,0.65
3419,0.12
3418,0.57
3417,0.56
3416,0.44
3415,0.27
3414,0.24
3413,0.31
3412,0.27
3411,0.29
3410,0.21
3409,0.44
3408,0.82
3436,0.4
3437,0.58
3438,0.24
3439,0.87
3432,0.28
3433,0.36
3434,0.69
3435,0.65
3428,0.43
3429,0.11
3430,0.48
3431,0.24
3424,0.56
3425,0.86
3426,0.78
3427,0.79
3453,0.84
3452,0.15
3455,0.64
3454,0.93
3449,0.22
3448,0.14
3451,0.73
3450,0.31
3445,0.41
3444,0.98
3447,0.12
3446,0.9
3441,0.84
3440,0.76
3443,0.86
3442,0.99
3338,0.17
3339,0.66
3336,0.85
3337,0.7
3342,0.5
3343,0.29
3340,0.27
3341,0.52
3330,0.43
3331,0.16
3328,0.77
3329,0.72
3334,0.82
3335,0.15
3332,0.31
3333,0.8
3355,0.98
3354,0.55
3353,0.77
3352,0.26
3359,0.3
3358,0.21
3357,0.9
3356,0.31
3347,0.58
3346,0.3
3345,0.88
3344,0.52
3351,0.24
3350,0.15
3349,0.65
3348,0.66
3368,0.49
3369,0.57
3370,0.8
3371,0.54
3372,0.95
3373,0.01
3374,0.85
3375,0.7
3360,0.63
3361,0.33
3362,0.14
3363,0.86
3364,0.22
3365,0.39
3366,0.13
3367,0.8
3385,0.59
3384,0.66
3387,0.98
3386,0.48
3389,0.09
3388,0.18
3391,0.15
3390,0.25
3377,0.58
3376,0.42
3379,0.58
3378,0.11
3381,0.45
3380,0.88
3383,0.53
3382,0.81
3826,0.99
3827,0.27
3824,0.29
3825,0.17
3830,0
3831,0.78
3828,0.17
3829,0.81
3834,0.39
3835,0.7
3832,0.08
3833,0.73
3838,0.69
3839,0.67
3836,0.38
3837,0.56
3811,0.76
3810,0.53
3809,0.34
3808,0.44
3815,0.51
3814,0.72
3813,0.69
3812,0.74
3819,0.59
3818,0.07
3817,0.57
3816,0.29
3823,0.28
3822,0.84
3821,0.12
3820,0.03
3792,1
3793,0.86
3794,0.34
3795,0.43
3796,0.04
3797,0.55
3798,0.29
3799,0.36
3800,0.03
3801,0.72
3802,0.65
3803,0.72
3804,0.87
3805,0.23
3806,0.74
3807,0.36
3777,0.88
3776,0.51
3779,0.44
3778,0.59
3781,0.37
3780,0.27
3783,0.31
3782,0.91
3785,0.46
3784,0.79
3787,0.98
3786,0.3
3789,0.19
3788,0.45
3791,0.32
3790,0.91
3766,0.84
3767,0.43
3764,0.28
3765,0.79
3762,0.35
3763,0.68
3760,0.11
3761,0.66
3774,0.3
3775,0.67
3772,0.97
3773,0.79
3770,0.06
3771,0.74
3768,0.02
3769,0.5
3751,0.12
3750,0.2
3749,0.01
3748,0.69
3747,0.43
3746,0.82
3745,0.95
3744,0.54
3759,0.23
3758,0.5
3757,0.35
3756,0.4
3755,0.36
3754,0.99
3753,0.05
3752,0.64
3732,0.45
3733,0.2
3734,0.43
3735,0.3
3728,0.21
3729,0.82
3730,0.11
3731,1
3740,0.97
3741,0.31
3742,0.99
3743,0.89
3736,0.36
3737,0.73
3738,0.98
3739,0.02
3717,0.14
3716,0.77
3719,0.72
3718,0.83
3713,0.61
3712,0.95
3715,0.65
3714,0.3
3725,0.88
3724,0.31
3727,0.59
3726,0.42
3721,0.94
3720,0.18
3723,0.16
3722,0.87
3707,0.22
3706,0.85
3705,0.12
3704,0.68
3711,0.28
3710,0.07
3709,0.41
3708,0.07
3699,0.75
3698,0.87
3697,0.62
3696,0.68
3703,0.16
3702,0.32
3701,0.4
3700,0.7
3690,0.06
3691,0.38
3688,0.34
3689,0.74
3694,0.47
3695,0.15
3692,0.64
3693,0.33
3682,0.39
3683,0.59
3680,0.14
3681,0.61
3686,0.7
3687,0.04
3684,0.69
3685,0.83
3673,0.05
3672,0.23
3675,0.9
3674,0.77
3677,0.22
3676,0.38
3679,0.94
3678,0.66
3665,0.45
3664,0.18
3667,0.92
3666,0.49
3669,0.76
3668,0.21
3671,0.38
3670,0.31
3656,0.68
3657,0.99
3658,0.08
3659,0.25
3660,0.98
3661,0.26
3662,0.73
3663,0.01
3648,0.99
3649,0.28
3650,0.36
3651,0.67
3652,0.73
3653,0.98
3654,0.23
3655,0.67
3647,0.72
3646,0.16
3645,0.01
3644,0.12
3643,0.55
3642,0.23
3641,0.05
3640,0.52
3639,0.36
3638,0.16
3637,0.71
3636,0.52
3635,0.34
3634,0.87
3633,0.96
3632,0.04
3630,0.89
3631,0.32
3628,0.17
3629,0.1
3626,0.49
3627,0.35
3624,0.96
3625,0.04
3622,0.71
3623,0.44
3620,0.18
3621,0.14
3618,0.59
3619,0.15
3616,0.7
3617,0.09
3613,0.47
3612,0.6
3615,0.12
3614,0.89
3609,0.76
3608,0.52
3611,0.19
3610,0.61
3605,0.91
3604,0.49
3607,0.3
3606,0.27
3601,0.15
3600,0.02
3603,0.91
3602,0.31
3596,0.46
3597,0.15
3598,0.71
3599,0.93
3592,0.98
3593,0.71
3594,0.45
3595,0.72
3588,0.1
3589,0.07
3590,0.09
3591,0.93
3584,0.55
3585,0.03
3586,0.24
3587,0.18
4035,0.8
4034,0.98
4033,0.33
4032,0.03
4039,0.72
4038,0.73
4037,0.95
4036,0.46
4005,0.56
4004,0.53
4007,0.6
4006,0.28
4001,0.88
4000,0.35
4003,0.79
4002,0.68
4013,0.94
4012,0.76
4015,0.81
4014,0.57
4009,0.58
4008,0.1
4011,0.58
4010,0.49
4020,0.32
4021,0.21
4022,0.22
4023,0.19
4016,0.18
4017,0.26
4018,0.41
4019,0.57
4028,0.61
4029,0.9
4030,0.33
4031,0.62
4024,0.24
4025,0.33
4026,0.33
4027,0.88
3975,0.99
3974,0.53
3973,0.35
3972,0.07
3971,0.41
3970,0.49
3969,0.3
3968,0.15
3983,0.9
3982,0.74
3981,0.91
3980,0.54
3979,0.26
3978,0.35
3977,0.34
3976,0.75
3990,0.39
3991,0.2
3988,0.82
3989,0.37
3986,0.14
3987,0.78
3984,0.68
3985,0.75
3998,0.5
3999,0.93
3996,0.96
3997,0.55
3994,0.96
3995,0.42
3992,0.22
3993,0.86
3944,0.42
3945,0.08
3946,0.69
3947,0.34
3948,0.71
3949,0.25
3950,0.82
3951,0.62
3936,0.37
3937,0.94
3938,0.4
3939,0.81
3940,0.89
3941,0.09
3942,0.98
3943,0.89
3961,0.68
3960,0.26
3963,0.87
3962,0.52
3965,0.24
3964,0.11
3967,0.07
3966,0.68
3953,0.4
3952,0.79
3955,0.86
3954,0.4
3957,0.5
3956,0.67
3959,0.2
3958,0.76
3914,0.34
3915,0.75
3912,0.96
3913,0.42
3918,0.01
3919,0.04
3916,0.27
3917,0.6
3906,0.6
3907,0.78
3904,0.44
3905,0.84
3910,0.4
3911,0.8
3908,0.88
3909,0.59
3931,0.75
3930,0.32
3929,0.03
3928,0.93
3935,0.74
3934,1
3933,0.14
3932,0.69
3923,0.33
3922,0.67
3921,0.52
3920,0.56
3927,0.78
3926,0.45
3925,0.49
3924,0.73
3884,0.36
3885,0.08
3886,0.68
3887,0.99
3880,0.25
3881,0.65
3882,0.13
3883,0.23
3876,0.96
3877,0.67
3878,0.13
3879,0.82
3872,0.37
3873,0.1
3874,0.69
3875,0.38
3901,0.32
3900,0.08
3903,0.82
3902,0.91
3897,0.94
3896,0.25
3899,0.16
3898,0.54
3893,0.57
3892,0.93
3895,0.44
3894,0.65
3889,0.67
3888,0.26
3891,0.27
3890,0.37
3854,0.38
3855,0.74
3852,0.93
3853,0.02
3850,0.75
3851,0.17
3848,0.83
3849,0.5
3846,0.19
3847,0.85
3844,0.78
3845,0.22
3842,0.69
3843,0.26
3840,0.74
3841,0.43
3871,0.56
3870,0.3
3869,0.99
3868,0.9
3867,0.92
3866,0.81
3865,0.58
3864,0.83
3863,0.96
3862,0.91
3861,0.68
3860,0.17
3859,0.86
3858,0.36
3857,0.15
3856,0.67
