start,end
3877,3844
3132,3956
603,914
1094,2901
3411,1360
2436,2207
2482,74
2308,2474
2366,1609
791,2889
2615,505
2676,2121
1869,432
1927,1501
3677,2685
3658,689
358,1498
1156,1233
2514,1995
2554,1592
269,547
1622,929
3359,2439
270,2617
1556,880
4030,1601
1214,2962
2498,163
154,1975
1758,1393
3233,107
2716,1641
3484,2299
951,162
511,1197
1713,3785
1769,3414
3641,877
1898,3825
853,262
2357,552
3323,2088
2908,180
1567,3983
3029,790
1760,2209
988,1766
3290,2031
3255,2688
2559,3702
1599,3304
100,74
790,1597
180,551
6,846
3100,2038
3988,1436
2111,3677
1744,2357
2999,3217
3916,1522
1501,1080
3816,3308
3287,878
956,2704
590,1681
2747,3341
3772,1278
3779,3737
1343,933
176,3763
3602,3963
3316,2223
1084,1851
1392,1070
708,1161
957,1011
3166,3229
838,3516
3549,246
3785,3932
503,1468
2846,3884
2979,3198
3345,456
194,1636
609,1448
3667,1194
2686,1619
4009,3630
1582,3431
2784,2505
2857,2403
3701,627
3906,1531
3742,2680
3783,2464
1065,2042
3240,2557
818,325
1288,3269
502,1293
1569,1798
1588,1814
2840,270
2946,3134
35,85
895,63
2985,1674
3263,3452
3076,1470
4006,2467
3217,24
916,1701
2582,1086
2708,1909
2275,1560
2152,930
866,3627
2875,1902
2410,864
1102,1153
3169,1219
2601,2614
2148,2333
3304,1745
491,70
1547,60
3987,3759
3995,146
204,3783
1458,1539
1114,1573
374,1477
973,909
2771,1362
827,2384
2053,2603
2897,1829
1181,3658
2414,873
1334,712
656,1302
3843,726
1715,3049
2429,2956
2201,334
2153,1912
2185,548
3836,713
3021,2103
631,2211
1019,345
2571,3338
1695,794
2883,1418
3506,3569
3851,2275
1816,2004
3027,2756
2434,2090
2462,510
74,4002
1416,3966
1957,2280
3107,2425
3465,356
2102,1544
2277,1633
328,1351
2420,3538
841,3116
3954,859
1967,1171
1443,457
610,155
1483,1842
2713,867
2544,325
762,2533
3133,3426
2953,2477
2496,2392
3960,171
418,2780
3737,67
309,1816
3606,3280
3582,407
1644,1517
3873,189
3551,3519
2861,3122
3050,1510
1100,3038
918,2155
4035,2783
4034,2386
2985,998
3675,964
2917,3608
3042,3457
2167,1459
3348,3720
3965,1447
2689,2276
898,588
716,3192
1053,77
1999,3514
534,1071
1708,2133
3605,16
1575,426
3799,1560
813,3650
3207,3893
1486,635
1013,2238
2740,556
1685,1820
2898,2889
1029,2101
1559,429
329,1701
2069,2477
63,25
1550,2541
1601,185
1697,1660
1536,944
3954,2458
496,1407
657,2310
577,1690
2648,1881
3735,3679
3485,1755
313,3945
3165,927
3600,2156
2489,3872
3734,35
3566,1503
2421,3013
1208,1301
2673,3916
1090,290
2234,2153
1543,987
164,1514
3521,2257
62,1287
952,381
1213,1914
823,3320
2996,2084
129,1252
277,1686
99,2519
839,3160
3117,557
1592,3724
1836,3239
302,2
3484,3538
1727,1964
3113,758
3737,1704
313,1273
1952,797
3098,2780
3655,3324
3167,3648
414,3923
3015,3684
2727,209
228,987
3066,1076
1387,3133
311,1508
2908,1621
3749,2759
1560,1265
634,1867
1878,3201
1242,3135
788,2143
3456,3570
1086,1132
1688,2115
801,3258
1134,3424
2492,2825
2835,2548
173,2120
3692,3679
197,433
2576,527
1823,3700
3063,3077
2237,3138
734,2746
2220,2080
1630,3323
2839,2232
151,1203
2068,2615
2091,3823
2898,3280
1250,821
2332,2231
1944,3535
2606,1371
1471,2852
1841,2372
1704,3634
3905,3527
1303,1765
220,275
2824,1687
2906,39
979,3078
1148,2315
2057,422
1341,1208
3819,3963
2232,1394
2716,2486
1272,3706
531,543
637,323
1818,1549
3418,1544
2570,896
3614,118
3487,997
313,2541
148,2058
475,3693
2072,180
1482,1079
1,1993
2509,292
3724,3983
997,3784
3383,2139
2229,45
1004,1356
1867,1357
1345,2578
909,1207
1586,225
2314,1509
1733,2315
456,848
338,1254
738,2648
2184,731
570,3554
2616,3866
2328,818
3389,1975
3872,801
1794,4035
2121,3942
612,707
442,1577
3946,1791
2917,2519
493,2664
3624,2171
638,972
3809,843
1947,3588
1311,1845
1046,1383
2963,2856
2133,3359
3503,3819
2300,2490
4016,63
2775,3327
1638,1222
1461,3971
3746,3939
2271,1166
1666,211
2709,560
3790,3919
841,3344
3436,2787
2683,3274
2940,3175
2250,1762
3906,1677
56,2756
567,1106
680,3816
1213,2670
1432,477
1167,124
3553,984
2035,2010
341,872
3220,2178
1395,1383
3214,986
646,368
3067,2386
4036,675
2895,409
2532,659
1102,3078
210,2392
2168,1680
2225,83
3852,3395
2214,1173
41,1425
2141,1398
1498,331
1580,810
2577,2834
1449,470
2116,543
167,1627
1220,762
438,990
1768,1820
2207,235
1800,742
1516,2901
690,238
19,962
1589,629
3945,2418
349,763
2693,1715
58,569
2525,70
2539,636
3815,2578
3549,1592
3450,220
376,1290
1153,4006
2160,1092
3170,2841
2642,3652
2151,173
3888,3044
1827,2520
2690,1123
3592,3464
3126,3632
980,3835
726,2549
2258,951
2190,1960
1233,3727
3345,2897
3602,2609
1204,3681
3301,1912
3802,3953
2101,1248
3724,458
667,1000
3090,3528
222,479
2264,1952
2849,2134
2795,765
885,1953
1117,288
2628,2944
1812,1751
240,1224
581,2892
395,1158
2392,2302
3299,63
727,2053
573,2677
1946,2394
408,374
460,2208
1423,2409
1789,622
3892,122
3892,3036
1557,1894
3385,3236
3902,235
3071,1171
2644,3644
1922,3211
923,2132
49,2469
2053,3564
727,880
1295,1215
2231,3804
2915,3561
1886,1595
2300,2111
322,1606
421,886
3644,2653
2794,60
1455,176
3726,2170
1941,3625
22,3576
1503,2573
794,1727
1793,2566
598,3132
942,2853
717,2148
3725,3532
532,1268
214,3944
1619,781
3965,1112
2655,3702
3908,2285
1148,2963
3002,2984
1856,3557
2893,3795
836,1245
3611,3016
1228,494
724,2430
2104,2994
383,3401
345,2728
1921,670
2416,891
3499,165
3132,1589
3517,3578
903,552
1437,3627
2796,1108
1671,3369
3896,3255
1048,3419
1352,2130
3613,1245
1148,2576
2259,1203
635,3763
1403,2724
151,637
582,1782
1725,1529
371,885
1993,3867
882,2649
218,2452
2462,432
1616,2370
2478,3957
1899,3289
3840,968
2503,3264
2040,1691
2016,541
1175,114
10,2566
869,2199
2423,94
3895,1098
1477,3690
1404,1744
828,3769
1534,1140
3130,97
305,1691
1943,1846
3981,551
2646,2110
1751,1883
601,3863
3865,3259
3775,695
2333,2628
3819,57
3118,3937
3260,31
62,169
3676,2291
2033,430
3914,2609
1251,3727
2787,3600
359,2398
1590,2406
2323,1337
3013,1351
1277,470
2079,1147
1228,2674
3522,1909
118,722
1640,3310
1687,441
2934,7
1359,168
3297,2127
811,3169
2059,2601
214,3917
587,104
2609,2239
3079,478
2621,2205
3264,3200
3177,3572
2206,3876
1210,3019
3831,2799
2830,1749
2859,2364
126,99
2945,454
1104,505
1723,3344
3125,2238
3081,3685
2280,1699
3,1460
3262,2187
1799,548
962,215
370,353
2674,163
715,2859
2964,1522
1066,83
1994,1345
427,2638
2812,3688
1403,1725
4026,2223
1759,77
2883,2414
562,3572
759,1223
2876,317
554,3827
2672,3308
2538,3653
3624,2273
1066,3958
2487,41
291,874
1470,1816
986,2518
3901,2835
3603,1
149,1702
173,271
3630,3384
318,1878
652,3065
1921,3749
2303,2316
1781,1607
2464,373
749,1932
1446,2325
2729,3646
1967,2191
3822,1276
1010,3403
2633,3063
2834,3366
618,2602
3331,2896
1944,819
2142,2958
1605,1407
1771,3965
304,3275
1873,646
3690,24
3418,1632
2816,3681
3256,655
3630,3286
2029,3368
1414,1803
7,496
3786,452
783,3856
2616,2095
2918,3060
1572,3397
1274,2533
3945,662
1060,3833
52,1279
3584,110
549,1126
3831,2741
3914,938
2021,2481
1740,2552
858,2160
2472,3730
1531,585
2127,304
2920,794
2375,3503
1113,1064
758,486
3579,1849
1442,583
2820,689
1999,1652
113,3465
3369,3025
1623,1176
3782,3312
2245,958
1690,2650
2255,3006
3175,2492
490,1397
3319,2722
2353,3727
3438,1887
3774,899
340,2953
879,1919
1751,254
2229,2267
248,2122
263,289
3876,20
3819,3454
2559,3310
1969,1048
3214,1344
2378,1017
2487,736
1484,3316
3674,1670
1679,36
1083,684
904,3570
2682,2447
1938,2538
3896,176
2082,3841
3140,3586
1651,1910
246,3993
2823,327
3881,1133
120,2231
1834,3829
3246,3595
3970,863
94,2061
1721,2624
2917,847
2808,874
4037,2847
4029,1944
3379,3391
1674,1598
3324,2914
368,2406
3212,2414
2394,2680
1385,3708
1503,3183
1849,805
1538,1676
2092,1447
2924,2780
998,799
347,3906
3630,1071
390,1930
613,590
1262,316
1194,1272
2902,4007
3238,2738
1943,133
176,1322
3361,3727
1077,3332
3931,638
767,3471
3356,11
2194,751
366,2293
422,990
2769,1469
3003,3615
2465,2724
3555,2446
3141,2113
1607,1132
407,6
3832,287
3227,3172
3905,982
1330,4011
2007,1460
3810,4033
2113,2758
1602,1740
1870,3321
1957,3719
3226,1931
514,3900
162,1500
2621,1137
3193,2302
3989,3509
2413,866
1997,1927
2944,3937
113,1775
3662,148
1810,3632
3387,3344
2893,2286
1163,2756
3412,1766
871,3462
2018,2892
351,1707
3365,664
638,146
1178,100
870,2003
338,2335
3844,3516
2353,2666
2085,1377
1505,3233
3762,2296
3262,3080
2158,1024
1735,3344
1977,2448
388,1491
2226,2537
3659,337
3816,3405
4008,635
634,1421
2614,3330
3350,529
1670,3345
877,336
617,2985
3678,3346
878,1109
2473,1930
2276,232
439,61
2865,2163
1618,1752
1332,2531
3704,3917
761,571
1096,1294
3322,1154
1905,3256
3907,514
1578,3338
588,3993
1039,1876
3684,947
2160,2725
2453,3142
3936,2107
751,264
1334,2069
514,600
362,142
2804,3696
423,2843
1889,3077
3809,3146
2571,2685
3792,3767
1613,1106
896,1825
3536,686
3188,1160
529,3449
1999,1571
1268,1563
3181,3912
119,49
972,3903
1479,1873
71,148
3274,1669
998,2694
2341,3000
3186,2862
172,1677
3192,473
772,3473
1205,3595
2118,2980
2807,3667
356,560
1232,920
128,3081
89,1043
444,903
1009,1953
2958,3528
904,1801
1676,490
1335,3840
1285,1629
1172,3554
2645,2764
2597,1139
3413,1238
992,2961
2643,3395
2088,343
93,1681
148,3786
2603,4025
1002,2320
3313,2955
2108,2873
2474,3560
596,1451
1014,97
3225,2057
2177,1281
1343,2962
2202,2876
916,1309
2701,2543
8,2769
2236,460
1423,3094
399,1658
686,3059
3445,1980
1315,586
2547,440
3544,3169
1478,1870
2193,497
3669,3596
1181,973
1452,47
1589,1669
1884,1253
1514,3191
2889,2849
919,1958
1232,1863
2212,3651
1753,941
41,3453
3339,1036
2967,3755
449,1948
3455,513
3589,591
3765,1581
137,25
1012,70
1347,2606
2545,2321
3842,1892
3724,3505
3480,2984
985,1020
2923,3051
680,3443
1887,2653
3699,3040
988,1608
1443,3583
1234,2849
3694,1824
764,3195
280,3917
869,1136
288,1027
257,2117
22,1263
685,3094
3483,3745
2715,3608
3753,2591
1098,3689
2760,2342
1631,3037
136,1575
2554,1247
3958,398
1916,777
1778,3680
327,3277
3968,748
707,2100
3188,449
2835,2460
3699,542
1251,2834
1641,1009
1664,680
2938,2101
379,2855
3331,1663
3775,1180
326,104
1326,2278
2574,871
1888,2059
3707,769
3852,1820
171,390
3121,3982
3374,4032
1415,2591
1883,526
216,3694
1767,1998
3684,2675
3098,1931
1296,1316
2285,346
2058,2804
3933,1017
571,1924
3840,1402
3375,2231
3128,1441
677,2183
3702,1194
1621,848
3311,3932
4034,15
1213,489
3905,2779
2674,2527
295,2490
3855,1799
1294,902
1215,2
1267,449
3186,1719
2284,3817
3193,2245
747,3936
1090,2048
1458,519
120,389
3673,2713
3453,3170
1978,1961
2540,3522
2504,2272
3582,1271
1576,1352
3666,3828
3058,2906
3675,1592
2915,3370
2589,3998
903,538
2496,4030
2693,755
1689,1845
510,3906
2923,3222
3122,84
2021,1010
248,363
3200,1171
3326,329
4008,2868
1193,973
2515,1695
1856,814
3528,2253
1056,169
3483,2894
97,3988
2253,3547
2773,3028
2994,2316
2461,1981
3691,1915
562,2875
2957,3694
461,3334
1276,389
3780,2644
2471,2762
320,2515
1167,1302
2743,983
630,586
610,570
426,849
2454,565
2517,3793
446,1533
930,2334
3483,215
3228,2234
786,2025
3317,3508
971,1934
1626,3788
233,2627
13,3710
458,2094
164,3256
345,3318
2458,2218
3634,571
2764,995
565,815
2930,2952
3430,1954
3196,3803
2725,2669
1846,3695
1305,3327
2762,3078
2428,357
505,2147
1503,3129
3920,1503
999,191
1602,2021
1100,3550
396,1692
2955,3588
1900,3854
3642,1423
3181,466
3777,191
1579,1614
3418,3323
3523,826
3592,2648
3478,3643
1470,391
200,1986
1839,530
3505,3558
480,639
3115,3677
1645,1657
2852,2835
2512,366
3741,1695
2267,3792
1568,2941
223,3134
137,2105
1389,1184
1186,3737
1813,216
3664,3670
1441,1604
409,2864
634,3148
1938,1977
2705,3521
1941,902
567,2640
1675,2618
2707,2621
912,1973
2775,1158
1200,3618
3468,2179
3202,2864
1001,2232
635,3793
144,2981
1528,1676
210,1669
3352,1009
2537,421
1941,3843
3177,2099
1017,2554
3049,1586
3883,3429
972,101
3843,253
439,3057
472,1393
3989,1790
2057,3022
3163,725
1994,863
449,512
1061,3298
3346,3128
3452,1139
1174,1770
1195,3548
1953,2275
3003,4012
3067,2833
1514,2107
1295,2287
1727,3623
641,3796
3841,3265
1580,454
2977,2290
3195,222
1714,2592
3410,2871
3977,3283
1848,2797
2776,3281
1352,3646
1034,3971
278,3849
2466,2504
2611,1524
443,3889
1804,2757
1574,2273
1461,97
2489,1825
2792,1415
2039,745
294,2456
1693,2431
787,2918
1444,3428
2434,641
2096,2896
1759,606
3484,3010
2656,872
3783,764
2619,2692
3813,386
2704,582
1516,1640
1825,1988
1041,584
3365,4014
2158,3043
3267,114
102,775
1744,236
2890,2570
1319,3273
3124,3608
1134,3406
1800,3499
260,3404
1322,2955
1605,329
1552,3500
2756,1830
3600,1266
1552,2321
3150,60
714,2967
779,733
3460,1668
441,2509
1275,308
1043,55
2480,466
142,2551
327,2205
271,2657
744,2562
5,3560
3971,2982
2794,2507
2838,3485
2487,1684
4030,449
1679,2324
3527,880
2569,536
1845,3406
116,190
2042,2047
1172,609
248,1557
3083,2556
1162,824
1369,412
1089,3338
2815,3929
1391,1166
1797,3206
215,825
973,3830
3821,2306
2495,1464
2827,1981
376,1298
4001,4003
3022,1770
1466,2474
3941,2352
1880,3059
3068,3347
3249,562
2172,1454
2624,3364
1576,3972
383,989
2291,2329
3480,2861
1166,1808
205,1024
376,1680
71,634
3426,3654
2908,498
340,698
2245,3543
905,3119
2237,2075
3619,3539
1283,3930
1124,1925
3093,3982
613,1032
2857,1477
1505,3520
3525,3603
3636,2201
3061,2377
750,1729
3782,1528
2303,3105
3163,2038
1328,623
3177,2898
143,3950
3608,3985
3321,1057
3138,2719
2899,1185
477,3743
718,1296
3074,2115
2874,3496
1799,2042
3349,2712
1146,794
2137,1861
932,640
3972,280
1245,3941
3570,2922
3260,3812
2010,1998
1723,2967
3996,1457
2077,3532
991,4034
368,1921
4005,3201
2539,871
795,2068
787,3311
1868,2377
576,1516
3047,1824
188,440
1600,1508
1707,1812
639,3779
435,1826
2706,3110
1358,23
1879,1804
1368,3556
3531,2665
497,3192
3180,2462
970,1266
305,757
372,498
1898,3523
3937,922
1164,1809
2697,1087
1141,1350
2602,338
2280,2190
2024,2707
3302,2534
1162,3106
175,1436
3423,232
1985,1492
3267,890
2191,937
3828,120
3949,1657
1876,1222
2117,2801
2304,1108
3704,1531
766,3493
464,3140
130,1089
464,842
2846,3245
2419,2555
2654,894
556,1859
2854,2275
536,788
404,1316
295,2454
1146,3896
2073,401
1238,1575
3555,1632
3079,2627
2686,3173
1849,3603
1800,3907
1104,702
603,3917
528,3284
3380,2323
3457,2281
3149,1226
2440,1557
3175,2635
2999,169
1307,2435
768,3029
2955,3275
545,3739
2876,4006
1878,3590
1167,223
2568,3326
477,3898
600,2458
2725,3989
3401,2081
1145,298
1285,1258
3614,3122
3870,2089
1094,2375
1041,2285
3217,1657
2001,721
2073,2951
3704,1760
695,895
2111,1717
2497,1323
806,950
2650,3254
712,582
96,1757
2821,2849
3213,3906
4006,2933
2777,31
222,3542
2706,1395
3229,3115
62,2325
886,1755
2499,437
3736,2903
774,2134
1921,2487
2975,1102
2986,1932
792,2378
2911,1019
526,2524
3409,3819
4007,1911
546,252
1327,3769
1546,986
3082,2301
2352,1175
924,3555
1343,872
1010,3287
2624,2676
3691,2324
3401,14
3086,2901
2666,2117
2517,498
2719,2021
3736,2292
3109,404
2617,3355
1858,3201
2674,864
498,480
1018,3054
787,1705
356,3075
2245,3205
2439,1969
53,515
1014,1631
4005,1261
89,68
899,2564
892,4015
508,1917
3030,3701
811,2389
284,3847
1628,1961
3799,1483
666,3249
3767,2317
3868,2870
2319,2435
57,2377
4011,1711
1114,3536
1331,3410
1142,42
802,3594
3544,3000
3254,1549
3272,391
3969,3331
53,2328
2201,3632
165,727
1949,2718
2316,2457
2361,1627
154,3222
1943,1116
3597,1807
2215,3521
3646,1152
4010,3858
201,1269
1355,1382
632,717
51,2826
3920,1966
2223,3296
3045,661
2086,3350
3621,1438
193,1987
2599,583
2946,638
2351,3328
3577,1189
697,3421
2514,3193
3171,1883
1528,2306
1445,849
3433,3774
1843,2518
3710,415
1991,719
3953,3154
1793,1243
2694,2838
1115,1621
827,3783
3928,2681
1617,3810
24,3710
3291,1864
111,1623
113,1999
4,3668
3216,3444
3267,1986
3415,476
2449,675
2349,2849
2365,3
534,1
2012,1655
256,3056
59,1884
3434,2028
1231,1393
2032,3677
2680,3475
1622,1451
3148,2978
1848,1301
2549,3929
2111,1259
3814,1322
626,1883
88,798
823,3656
873,2354
3701,1409
1231,3156
2230,2911
2192,2020
505,2933
960,2961
2249,2916
3027,135
826,2041
2163,1496
1466,3605
275,1292
1099,3850
636,1928
2306,563
2137,3152
237,2120
2320,3233
1833,3566
3845,2233
3319,3957
1467,382
3121,1571
687,1384
692,1872
3389,3801
1266,3997
2971,1735
134,2856
245,2284
2886,1968
999,2895
3586,2529
3330,2719
661,741
1253,2930
2970,1661
3138,1873
2136,3979
1213,3443
336,766
1782,2971
2031,3636
3937,451
2757,3055
2004,991
1275,3183
705,2135
3860,1095
780,2541
952,3240
3535,1514
1009,3626
2142,623
2880,2353
12,333
65,1303
3384,3052
765,1603
1051,19
1375,1023
473,2070
510,2386
1181,3411
2005,3623
1273,310
1366,2421
3251,1318
3006,2027
1617,333
796,247
2133,160
2211,2715
1410,3601
3418,1422
1513,3218
1392,2687
698,396
1928,1469
2773,2492
3099,262
277,434
2098,1066
1072,2679
3217,2624
1895,2916
3170,3236
236,794
3980,1467
255,320
2546,918
2459,2166
2332,2511
707,1972
2387,3021
2871,2864
3982,2945
1815,3939
3360,3429
2909,3202
102,1267
812,1432
677,2069
3188,1782
609,495
1004,1020
3064,2565
1482,2006
1209,3949
417,1942
723,648
217,2156
1125,2018
2577,470
3598,975
2375,766
2598,2227
2305,1706
1479,164
44,734
521,3128
2059,3964
2709,260
188,1800
2889,3685
2118,2850
1712,3706
69,4009
1397,2640
1581,1244
104,1716
569,1813
2695,3326
2489,1452
205,45
3209,602
1541,3874
1702,2529
319,3984
3819,1376
2115,1916
1551,1874
1230,3858
3908,10
1254,3011
2254,3853
1363,925
2311,1979
3808,2424
2757,2491
3177,1410
1192,3429
610,1228
3664,2642
1342,3674
1283,199
407,1985
2147,2989
3566,2319
2539,3659
1185,2671
1,368
1890,776
2830,3204
3443,148
3685,2127
2798,2874
1477,2939
3347,964
2789,3830
217,2119
2295,1428
535,1352
296,2526
5,3069
1579,891
1101,1178
3758,2816
943,3557
1353,916
1638,2871
739,1885
3756,665
3669,1573
1380,1401
128,3715
3947,3088
471,2465
3316,392
1441,4027
2203,3986
2735,3739
3050,238
3346,2083
2809,3699
442,244
2540,3931
1643,2872
996,632
1257,184
2182,467
3234,3451
626,2213
936,2369
2128,2680
3359,736
275,2849
1471,1441
850,2128
2591,3896
750,1250
3599,3872
1395,2176
1315,801
56,3139
578,1354
330,3737
2983,2832
1205,936
3099,1502
3977,2855
3269,988
3095,2197
3074,147
2627,834
381,126
858,2956
897,2614
2321,2838
2785,616
3533,1628
415,1136
3595,1794
2500,835
2185,804
387,538
86,54
232,686
105,2301
3388,2522
907,561
154,285
3774,63
2222,1645
1675,792
3570,3797
1529,319
1479,2436
433,44
2160,2626
3999,3028
1719,2570
932,42
3750,2036
274,2319
333,1315
144,894
3637,306
446,2334
1557,3903
3438,1149
3179,2046
1672,3496
3056,343
3280,2045
2177,2150
1021,3056
1016,139
2857,3034
680,728
2063,1011
2442,3429
2808,2459
1307,4
2765,299
2864,367
897,353
2278,2324
1474,3118
3252,2240
2567,351
3473,3269
2540,1721
1290,4014
2867,3324
605,3239
3106,14
2026,3550
1904,779
2935,1890
3688,568
3654,1963
3302,3548
13,3751
1704,2593
1583,2452
3320,187
2005,2246
2704,2454
1865,1826
686,2984
3156,2694
2804,544
2072,664
1490,3535
3109,2160
2014,3261
3043,3826
1305,289
1491,1441
3401,1599
1523,125
3936,2404
450,1901
935,2440
16,2804
2150,2433
3524,2464
688,1442
3367,1897
3131,200
2774,827
875,3316
3607,3270
1816,2444
1393,474
2916,1184
1541,1500
1202,1614
2569,2818
2057,451
411,2876
1363,3172
1777,2997
184,637
619,1818
231,3268
1840,1154
2013,785
3184,2696
2975,644
3964,1043
1840,1008
1765,1767
1162,3045
443,3323
2073,3890
3523,1642
3859,904
4028,2245
3919,3487
3194,641
2210,3258
1615,2376
3014,2224
714,1976
387,83
2074,1213
812,221
3511,1965
2234,2441
1179,3455
2067,369
3166,1141
286,1903
464,1186
1522,2036
2880,2829
2363,2821
2672,2164
556,2688
1298,1547
3856,206
2673,1679
3218,1429
2188,2058
1677,2212
1913,1364
545,3057
3369,3780
3202,1419
557,2421
949,2239
702,3863
2655,809
97,1421
2995,1705
3301,2134
421,2427
3341,1364
2938,2063
1893,2768
2511,34
1653,2579
1247,690
1138,2617
1512,344
1661,1094
1860,101
2073,72
1144,380
667,2291
2189,1223
1729,1453
3300,2464
440,334
3004,3646
852,3516
3496,3493
2001,1029
3163,1813
3016,688
1766,3735
890,941
900,3859
333,26
1951,1405
3177,1722
736,530
35,69
2185,1369
3140,2271
3079,1282
1154,231
410,78
2278,93
3081,1988
443,2924
2153,2943
3697,813
3047,3897
1140,1745
3668,2628
2766,1150
2815,2311
3028,3847
3081,1476
21,2117
3048,3294
3438,1529
79,2781
237,1721
3525,720
601,1491
1714,2694
581,144
3852,4002
2623,1434
1676,34
3776,756
838,1663
554,666
751,3966
3113,3995
2185,1570
2575,2226
970,1315
2923,3730
2818,822
2270,2107
3017,2390
1651,2586
1230,1469
248,735
2012,1990
2948,2946
2900,3941
1139,3700
1583,883
315,1478
629,3396
1509,3006
2997,2346
1118,1136
1044,2450
103,3359
2625,2886
3220,803
1568,2357
2904,1451
2540,1554
732,1572
978,2097
428,2454
478,70
1096,1534
4008,2784
3080,1947
758,2979
644,2214
2350,3673
762,1636
3101,2206
787,670
1575,2254
824,2640
249,3857
1849,2838
2262,652
644,421
2470,3291
2635,619
2019,4039
3591,749
940,2512
900,3708
1098,2407
3909,1885
2700,1370
2080,1027
2445,1363
2940,2203
3596,2115
165,1214
1278,764
1749,298
2846,3757
17,390
2110,2249
2789,624
952,1050
3828,934
659,1564
3694,3409
272,1566
1214,437
2388,2761
3452,2007
1274,3371
1852,771
1586,3789
1862,3099
2004,3988
2828,3534
2307,126
3,3282
2942,1004
3984,1095
806,582
1047,387
2381,3370
1514,1189
465,189
1484,1563
2751,3429
462,2726
1184,2071
3513,3457
809,2982
1326,1304
962,1893
2643,1216
825,1220
3043,2715
2395,3662
2315,3673
901,130
42,3779
649,1578
3868,1294
2787,1668
1560,3685
3389,1506
3501,2330
2119,2540
1308,2291
478,3433
3233,604
2438,1990
140,3811
536,1373
2055,730
429,4011
1212,3397
1551,3641
1454,3990
1015,2760
426,2484
1576,503
1015,1663
2475,2056
2968,3591
3410,1770
2575,2014
2591,1930
4016,2710
3689,3738
3545,3353
3359,1339
2800,3879
637,1229
3885,964
2613,681
4028,3264
3209,2850
2208,1822
3364,3076
2791,2676
2490,2055
1055,3175
1649,298
1769,957
134,671
2435,1885
171,2459
1955,3867
3337,3571
2229,1185
340,2868
2121,3762
614,756
1236,2362
1099,995
1846,2728
1179,1995
2033,293
1155,3164
882,1584
248,1788
3275,1586
2374,249
1957,3517
3364,1502
2200,2201
901,1133
2008,2409
2238,3020
3819,2913
1716,2990
2958,3845
3393,25
3825,3658
2450,429
1105,1869
3875,738
379,194
265,3182
3268,1470
1063,3525
482,3431
1816,3485
2739,3706
3341,1047
1309,3519
525,3298
2673,3714
3739,1511
3208,756
127,2358
455,1742
1340,2649
3768,2393
1868,913
1894,271
577,2305
1250,2587
3710,795
3357,2185
1654,451
1766,927
1421,2890
373,2296
1399,2171
1175,2168
1953,2136
2588,2695
2144,2833
2080,2442
3399,1216
2296,1021
33,2879
17,1471
66,1229
3810,2133
3638,3246
566,3455
4028,3087
3596,639
2984,3422
3602,2941
1701,2541
720,2162
2623,2657
3509,471
130,2878
3353,1205
1965,2507
3728,2580
794,854
1183,2214
3430,1236
1289,745
1392,1821
3149,3026
787,1890
1022,2483
2933,3120
1938,3017
341,2885
3746,307
1312,3275
2052,1854
1379,3004
739,3679
3764,1455
282,1430
3855,1812
2418,3779
2115,1081
469,2518
2726,1969
2865,2515
4020,97
2060,317
3131,2304
436,3688
3724,3074
1318,1763
1937,3773
2075,3297
3296,3513
115,3696
3455,2879
2197,1407
2576,3105
3869,1765
3156,1389
779,2878
1804,940
382,2192
3478,427
1594,459
183,2411
2776,2438
2995,2560
2591,3849
687,112
3421,2444
1221,3588
3274,2995
641,3436
400,1782
3993,3960
469,1590
987,1772
3021,2402
3008,1771
3457,2417
3348,2373
1882,1516
255,2943
3285,2810
3521,2193
527,629
145,2343
626,4038
3081,3581
3196,3392
3104,3475
1370,2619
2337,2526
392,3230
2007,906
1308,3146
1215,1788
2414,3186
149,3905
1347,1872
3605,982
3061,381
3664,1220
909,2473
2568,2053
2787,2840
1695,2887
146,3166
1454,49
1674,1314
3266,1577
2659,1520
712,3028
2142,1459
2592,1685
1388,1598
1211,3596
1415,3497
124,1130
2350,3363
1891,401
209,3148
2761,537
277,3936
880,3031
1129,1026
784,2719
3392,3307
2720,1632
3827,414
3877,3187
2198,2749
3456,2671
2354,2143
727,1974
1124,1655
3635,533
653,2588
2419,2117
950,1382
740,1308
1609,3466
175,2617
2194,3176
3392,2667
2306,3830
3048,3640
3982,2480
1112,3575
3331,3724
3246,2933
893,2243
3831,1087
461,1880
2718,1551
375,827
2591,3846
658,3023
218,1671
2884,1161
3704,3844
1347,582
959,3275
3959,1311
450,665
3127,1463
3290,279
1778,2551
64,3522
1763,1350
812,3728
3647,2160
1797,2994
47,903
2704,2975
791,1224
3889,2288
3342,2376
3037,1617
496,981
26,1221
3870,2180
3577,1655
3600,3664
1270,2986
2746,2468
1402,1634
3986,3831
353,3081
256,3803
981,3400
888,1105
2826,1999
285,1864
3015,1693
2517,3405
104,846
2629,3026
248,2237
1477,1344
1925,2583
1535,3457
670,2594
3284,217
1571,3201
1080,791
3974,3781
1677,3285
3846,1306
3251,2510
2632,2562
3263,3976
2255,1429
248,431
2056,1036
1306,3292
3858,3072
1287,1965
3240,3697
3845,2748
1828,776
2308,2420
1780,3103
2548,728
2764,1622
1120,1183
220,3330
631,186
288,2515
1807,2391
2004,3745
2384,1397
3222,754
3625,1868
994,2132
1568,1590
2752,322
1995,3912
3646,219
1957,3505
3795,2957
2613,556
1393,3760
999,3498
2667,2800
634,1927
1768,3170
590,1616
2941,3250
3074,387
3771,1941
3943,264
100,1389
2709,3461
3809,1619
1060,1174
1924,249
3450,3394
2418,494
504,1167
1181,3089
127,3727
3054,1452
1913,288
1253,3156
3573,1930
175,2571
1687,1253
3562,2282
61,1698
1530,3623
3856,3822
2371,1506
2280,4017
1293,3982
3434,2347
2291,2915
3367,3454
1422,968
963,3784
110,3873
1057,3718
2381,2890
3963,3681
1961,3
156,2479
3855,1687
1475,2154
2350,725
1770,561
144,3144
1828,2699
2515,2666
2563,1476
3878,2566
2037,3291
3420,1872
1101,1856
1596,358
539,2182
2394,3884
510,195
593,3537
3035,4018
1133,2431
3832,751
2853,214
3384,2443
2438,3098
885,3320
134,933
1174,446
1236,2089
1440,457
1018,60
519,239
1578,918
1581,203
1180,141
1865,2580
686,1415
3145,282
1034,2439
1578,2969
3807,3452
3617,2491
1467,2628
2363,1319
3695,461
2967,3591
2752,1222
856,3891
698,2822
3066,44
2701,32
1408,3349
1640,3870
1797,1186
264,838
708,2640
234,404
655,870
18,1052
2383,2558
1218,3795
3610,2115
2996,3563
1684,1830
1249,2904
3826,2727
3955,204
2078,397
1548,2322
274,2282
147,2821
689,3155
2450,1477
1298,777
311,3895
3273,2445
3494,1086
3134,3128
3594,2883
2328,3112
1220,359
696,758
3500,1352
1296,1246
1138,2366
317,1332
3201,3446
344,2347
1094,1981
2655,2704
527,1513
3792,3258
1351,997
3174,3115
3350,2209
1996,1493
424,2450
3858,3973
3973,2672
2763,623
3850,3513
717,1628
165,2963
3465,3820
2722,140
627,3154
2581,1310
2404,5
785,2074
217,483
1715,1950
1065,1268
3089,3446
129,690
2902,3003
2233,2772
1009,3342
1242,2943
1555,1349
394,2650
2932,119
1454,83
3553,1667
65,3773
2072,658
2062,851
3550,2611
1265,467
1440,1837
1301,3336
1334,3885
2844,3587
927,2054
3560,1999
1092,2500
412,3039
212,835
954,3643
1880,944
1850,235
72,383
2087,776
2729,2527
3909,4032
3104,3601
3787,1310
2323,2981
270,1194
3746,3361
1384,2260
3686,1394
2928,78
3007,1735
1035,3087
1196,3634
3560,281
776,524
1253,3573
445,2570
252,1777
2080,2211
1604,2187
2533,1653
1462,2299
1528,510
734,3055
798,2779
3933,3292
7,665
2923,990
2693,1707
3804,172
471,1141
3385,2582
2966,2755
206,2439
4002,3216
480,3512
645,39
890,1848
1809,161
3276,783
3908,2548
1370,1873
614,2345
2428,203
3788,1339
3614,1048
3925,3847
1947,2496
49,1355
3631,818
1146,2985
1382,1383
3415,1017
2467,3079
3496,2161
2563,84
903,3616
3053,1126
755,2733
87,1784
2833,2236
2636,751
1381,356
3557,2037
2638,2042
663,969
2614,3638
2412,3056
138,44
3943,968
3879,2139
1322,3742
780,1491
2698,2755
1096,1216
2841,1281
1192,2681
1842,1819
936,2106
2871,835
3752,934
3495,2685
2402,1402
3220,482
1012,1392
2355,2614
2601,3647
3198,1858
3563,3035
1875,1174
316,1446
1000,1006
2843,1467
2294,2396
3482,3231
766,3732
3548,1713
728,1629
2256,2694
2581,3211
3361,1262
58,3309
2760,3942
2933,1612
2015,3133
3731,621
2710,1562
2582,3736
3725,406
3111,2084
975,309
1725,1304
2024,1897
907,2029
1984,2811
2511,287
270,1703
3026,3712
2510,3813
3332,880
3447,323
331,3120
1020,2635
1253,2701
1825,2908
3210,2288
1668,1241
2008,2753
3082,417
3578,3323
1979,1190
2798,3233
3305,804
1647,456
485,2636
1609,44
970,3193
1546,1122
2424,2904
244,2808
163,1338
2070,1788
2362,3458
3009,1893
56,3936
3498,2051
2866,1524
2422,3039
780,3078
4015,1548
1765,908
3463,2317
3826,1740
23,2320
2477,3964
2228,3051
3072,3129
1157,230
3273,3510
3442,3572
354,3238
2510,2049
778,121
3442,1592
1726,1206
1258,1459
3051,2053
746,3572
2823,819
1211,1046
2290,1878
3807,444
1016,1395
12,3892
1769,2774
648,72
2665,1111
2058,923
2171,417
2471,449
1257,3098
3784,3867
1406,1738
120,710
1616,3859
3809,1600
2745,793
1945,2853
231,2338
776,1612
2580,1984
3148,3908
634,3858
1431,1074
1014,675
1188,1008
2178,286
3640,2650
2887,1105
1176,2395
1233,1967
2195,1417
3663,1989
1192,2078
2148,2773
970,1002
2076,1561
2150,1889
3500,3214
174,1331
3300,293
2642,3009
342,1257
2182,2409
493,452
4022,2981
535,1863
1959,3551
3417,2204
3401,793
508,2767
2813,3153
1664,2085
3474,549
3312,142
1450,86
1740,3105
1707,3767
3816,798
860,1276
3462,208
217,3350
2425,1637
1374,2647
3937,1114
1337,3966
3364,677
2882,1019
3879,2133
2862,582
1159,2099
3043,618
101,1826
2171,2208
2692,1136
3337,1398
2236,2973
331,579
1615,1428
1784,2165
3763,2655
3861,3799
3507,2019
2380,2706
269,1124
1941,3118
1291,2013
3332,1124
330,1686
3622,40
4008,1383
2439,2293
502,555
2252,3425
639,811
1177,1423
2396,398
3009,758
416,1597
808,675
430,2631
1138,2125
2457,2374
1638,1579
614,239
3974,100
2829,1503
4026,978
1539,3493
2407,3558
839,2866
3813,927
3811,2897
3668,3441
1407,347
2987,1688
2551,915
3643,623
443,3261
3665,153
1516,1049
2469,954
3409,1795
2818,3341
2434,859
1793,2780
641,1945
304,2156
3903,3084
2578,2928
2258,910
1122,1332
3723,373
1535,641
855,2609
291,1624
1605,3071
2080,1164
61,1387
1877,3004
666,3914
1174,1488
3207,2115
2173,2194
2995,1723
102,1965
407,2067
3400,3403
1320,3845
3260,3280
2045,2854
945,3765
1842,3593
3751,1074
3472,2462
2256,3941
1219,394
214,594
999,2330
25,1972
2131,810
2616,394
181,1392
1554,1276
1504,736
2072,2124
243,1974
3522,3929
2926,3976
3042,117
1338,2652
1933,727
3636,3400
599,2788
2555,1489
1040,624
1143,3035
3198,1946
2203,1942
907,2887
805,2071
3627,3660
1169,3866
3568,41
4023,3883
258,168
1796,169
2354,2661
2933,595
2344,500
1670,389
378,1709
1963,2493
842,2221
1949,2628
2793,2890
2530,575
1988,1677
2285,2081
1695,2316
826,1847
1366,2013
271,635
2179,1669
3449,419
1230,330
3456,2797
3463,3900
3106,1735
2962,3846
3599,3058
3721,933
3805,3486
1166,2137
618,2955
38,437
237,1282
2505,2001
4006,1138
1406,472
489,3346
1805,851
2497,1645
2581,3165
3585,1507
2763,791
3724,836
1323,2563
1073,1463
3147,2791
3748,1954
1275,1381
3899,2450
1971,2403
1348,647
3736,1554
1919,2823
2568,1453
2553,2550
3554,39
875,2710
3690,1959
628,2559
3008,2430
1341,1562
2308,883
2134,3684
3633,2473
3810,3713
578,3304
1624,718
1548,2328
2254,1765
2962,67
2368,718
977,555
1223,2233
3652,977
3136,808
4024,1370
3506,434
3283,1099
2515,3007
461,3358
4025,3797
1777,325
1138,2190
4028,1462
2916,2772
4008,3056
752,1785
1425,1326
654,1456
383,3961
1849,2974
3906,2343
3534,3311
639,623
1470,832
2134,2010
3137,511
1446,1061
382,3270
3190,3560
1366,382
3607,308
3242,453
1019,657
1545,580
1526,2920
1767,3393
3342,958
3154,3477
606,2012
1750,3152
3027,2702
3321,3275
404,889
1541,3287
1956,3815
3024,976
695,3285
1452,3919
3430,1385
2451,3962
612,3449
519,1405
1154,564
1487,286
2403,1421
18,673
1168,2483
2549,1422
2336,2535
3078,2455
1853,3201
1467,3594
442,3770
3864,826
3219,3418
48,120
1787,3287
277,3751
539,1060
3597,4024
99,3497
3633,819
3360,3284
836,3526
602,391
3481,2935
3365,2201
3484,2160
2753,3282
1209,3452
2234,3222
2878,312
572,2318
4011,1660
2185,3759
2271,3353
2714,2677
3830,3676
1436,3369
2690,2641
2487,359
1163,327
3157,1461
1054,857
281,196
1528,1995
1418,3801
440,2108
1632,1659
161,1235
2934,2907
820,1919
504,2690
2376,42
375,1939
2225,2309
2694,2514
2482,428
2743,2710
1210,1590
505,3592
641,3213
2967,3567
1571,3001
1088,3270
3349,3225
1884,2864
109,2608
2198,3297
2342,1006
375,1036
54,2827
1563,1796
1041,3661
2375,317
563,826
632,3596
110,1024
582,862
121,3739
2892,2311
1964,332
1227,2511
724,1396
1643,1281
2756,50
1050,1946
2809,2376
2076,3108
882,3820
3509,1788
2083,2638
1615,3829
2201,2641
62,3134
2661,1800
1257,1092
2609,2763
299,2365
2421,1998
1318,177
684,3673
3165,2871
531,3585
2092,3547
21,2541
1787,2550
3824,2320
3563,694
2549,319
4010,3219
2855,755
474,3578
2155,1361
3924,3949
204,708
210,1310
1057,159
3220,340
3771,1317
1358,640
3831,606
2606,508
107,71
1385,594
255,435
3462,373
3574,939
3742,2837
3021,2740
3586,640
362,1376
1661,4007
1922,1263
1482,3576
3512,1499
3424,2409
3044,3325
3085,3062
2937,1816
3718,3654
73,2658
3445,1203
3809,1178
3144,1470
638,2535
1654,3740
3541,3701
3638,3254
1291,1123
3795,1286
1634,2785
1579,2
1079,1898
2979,1196
1366,1121
1750,868
3500,3229
4004,2456
557,3875
1599,805
3171,1941
467,430
1784,1877
2830,3719
1260,332
2192,207
2785,2312
2492,865
3333,229
3755,546
1269,76
1396,2263
1046,1920
1337,3323
2212,1397
1179,3615
1101,447
2051,652
402,2336
959,4004
625,2685
3198,3721
449,3644
377,3002
239,2553
194,523
2731,1861
3115,2986
2854,1837
1978,242
1754,2824
2965,747
2456,124
493,2272
1435,704
1682,2306
1602,1017
3443,3849
1115,3297
1506,288
3021,3015
1380,3010
31,1957
765,2262
4024,1306
857,2522
1817,497
1372,5
2135,1544
93,2204
1881,1033
2068,2004
3842,3360
2168,1122
2420,3334
2799,3971
1584,2189
1429,2467
1512,2187
1500,3018
3781,2982
95,1828
2626,870
1938,420
387,3266
270,922
21,2686
1792,867
1659,2576
3909,3294
464,463
1205,692
3186,1956
989,3794
3237,3667
3161,505
3297,635
3315,3925
4034,867
2962,78
3737,894
3593,103
230,2799
3921,2980
2595,3080
771,3702
1674,1022
1205,167
2546,3649
3508,2881
2152,47
2463,511
1876,2558
2291,468
2272,2793
537,2471
1775,3234
2390,3751
934,2847
3192,2934
538,325
1400,750
3596,3503
133,529
1939,1296
1559,3180
2219,3712
3023,1447
341,3832
2869,863
361,2262
2375,2888
3730,701
153,1603
659,122
531,3430
3864,2496
2665,3103
2322,2790
1252,309
2270,1016
1200,752
2121,24
3178,2900
3774,2379
1926,123
2818,2406
3324,2555
122,1937
181,2219
1248,2105
1622,1356
1376,2980
1455,256
1072,4019
2430,2765
2165,941
757,2782
2165,1598
3246,2251
1735,900
1399,3813
1848,800
1721,2053
1642,2398
2364,598
2668,4018
549,2015
1415,1123
3846,1951
1112,1580
3483,1360
743,895
741,299
1544,3211
514,3185
2971,1505
3747,839
3313,3299
1194,3828
2019,1554
977,2240
1485,2045
1030,1579
4037,349
2406,2432
3875,3610
3268,2575
2726,3593
2168,4
1374,1865
548,998
229,1603
1260,919
2475,1403
3454,2442
3670,1906
2580,85
2689,309
2371,2448
1052,2311
484,2195
481,637
1230,2022
903,3108
2299,2427
1867,2689
2023,25
3080,1407
1127,3636
1315,2329
1934,654
3577,3719
3156,808
3924,3337
2212,438
3426,3781
2540,1586
3262,2423
2759,2997
3088,3435
1011,3880
2859,266
711,3684
1956,3395
3651,1476
2035,3250
4011,601
1995,2909
3448,461
3236,3439
3351,3599
3555,3340
614,2172
258,3084
115,4039
2148,110
583,1226
3817,3048
2557,3935
697,3052
2807,3886
3606,1250
3598,1702
1150,315
4035,3501
2960,3133
1287,2189
1299,3052
3828,558
3174,3660
738,368
463,3002
2509,2760
3497,3726
3257,3959
78,921
510,2132
895,3952
433,147
3533,2883
2453,1244
271,1839
3239,2010
1401,2383
782,3776
2323,1144
2310,452
3277,2233
2287,94
966,2620
550,1968
1126,783
2902,3910
1302,1748
469,958
2256,1622
2967,743
2139,3658
236,3821
2068,2881
845,1851
407,2721
3208,1366
331,1389
3011,1093
1392,588
619,320
837,3985
1326,2533
1577,2396
506,2809
375,1882
3699,1607
797,1731
3825,1725
3014,1875
2493,2267
1860,679
2979,2418
2670,2252
3673,2403
4033,2442
2353,3028
2679,2852
3837,2716
456,3181
1616,3633
2255,2379
3540,1939
2141,534
642,142
487,2977
1688,2290
738,889
2737,1229
1085,2274
2287,1889
3906,715
3805,2191
2294,651
2887,3905
2941,2164
907,1547
1401,1924
3244,2069
658,2027
1630,2560
949,3526
3049,2233
256,2670
788,2631
3956,2329
1529,3841
3523,2388
2101,2499
2556,1108
106,288
992,913
485,325
3501,1940
3480,251
1242,1862
1451,2011
3016,1812
2446,718
2056,2217
2559,2458
3079,3539
2959,2759
1252,1902
614,1411
3293,1413
685,929
2319,1924
610,3915
122,4022
3837,1773
3138,1449
1010,84
3309,3169
891,1244
553,1441
831,1281
2517,1542
2586,1574
2790,4004
1600,3976
1397,2504
3556,180
2165,1072
2358,2148
1069,2432
554,1278
1717,3222
2336,3445
2020,3848
3541,916
933,2681
1119,2858
3391,727
2924,1340
3929,873
1838,3814
2374,1215
373,745
1898,3524
126,2454
2766,166
2898,2066
912,2310
437,1837
2345,3388
3789,3820
573,3422
105,2949
1524,1914
2156,3268
2972,1572
2313,63
3502,432
2987,1035
1286,334
710,3918
1382,4023
3801,524
1100,2727
216,621
2312,3866
2613,3265
1169,3100
3939,2171
1175,3354
154,845
1998,1376
3983,2820
1011,2837
3187,913
1877,1500
2323,993
714,4008
3155,2094
2201,824
1899,1952
3232,3022
3329,1067
3373,2613
1389,1303
1824,3774
2546,3993
1092,1217
2647,1879
1482,2480
3300,2681
3245,440
828,3452
3164,498
960,1093
739,80
735,3777
3349,3250
3137,1781
1687,3257
3809,1552
183,831
3569,2403
2104,177
1240,977
2821,586
1333,2667
72,516
572,461
2488,2738
1207,1949
275,2187
2302,1437
2957,4009
2003,2461
119,3845
132,1714
156,1760
980,443
417,874
876,3544
2885,3983
3903,2879
2368,3698
244,135
999,2581
874,1632
1259,462
3119,2358
773,65
1020,2809
1760,304
3856,1735
2936,1066
1284,2921
2653,2892
2664,2917
3053,2345
2097,3947
1060,897
1850,3064
1777,2086
2082,472
1085,110
1858,1466
2718,3947
1573,1579
2339,1937
1756,699
2412,3094
3692,3315
603,3534
3565,3096
949,500
403,2774
2276,103
1351,3193
2554,571
2845,2146
3743,476
472,3949
504,1955
1363,134
2695,1846
512,3474
1046,3350
2640,3753
3247,3184
3869,3172
3193,2235
334,3629
2760,2194
210,1022
1297,1793
2959,297
78,365
772,522
1239,2565
2417,401
2475,313
681,3667
3219,4033
47,1502
3836,2334
1335,1918
2876,2613
2981,3272
3174,2462
2740,1256
2402,3015
3261,1828
285,3906
2330,385
1503,3602
2879,2289
2938,3386
116,1161
944,534
60,3352
2500,1094
2966,2053
829,1466
1956,671
1617,1466
119,3125
2350,1035
3940,1300
486,2828
2712,3826
1061,1174
2123,283
1404,2373
1258,2694
2242,1842
3817,1256
3641,2777
2629,2018
2488,2967
1054,3053
3283,793
3520,2820
1992,616
1279,2371
248,997
1029,3776
1346,3240
2150,3207
156,643
1391,347
1819,1444
1828,426
929,2681
3865,3834
652,2550
865,935
222,2324
660,3523
2676,2594
2157,1484
3850,1684
2507,2824
3022,744
3909,1
861,3461
1299,149
3963,2061
3892,1543
2508,1837
111,2335
3725,2781
832,3241
1503,3321
3753,2972
1029,1523
1037,2828
5,3224
2228,1083
2958,3632
1200,1426
226,3463
2713,1584
2666,3431
906,228
3253,3611
2849,3332
2415,1082
2496,3584
325,451
3854,565
2754,250
3299,1561
289,3786
3088,3886
3009,2037
437,808
555,100
1001,3803
3285,2842
3208,429
1304,2631
3001,3319
1064,3910
3438,768
2785,758
513,1891
2177,1438
3277,3880
1348,2440
1020,2032
3663,2123
3677,443
618,3824
2141,2966
3801,2365
2553,1903
3137,3982
2223,3740
2748,3985
4001,3030
1329,2853
2858,1541
3794,1119
3602,3411
1739,3483
351,1509
3657,224
2409,3524
3957,3095
2001,1656
2806,2849
3487,2821
1620,3907
1336,1787
501,3842
2213,1477
1716,544
16,546
2867,3861
4009,979
1404,2227
3569,1157
2842,3360
3464,1289
3695,2091
2581,3589
3923,684
3606,2132
3188,2190
2924,300
3695,1918
2332,3245
2364,3968
1558,1614
1822,1251
2443,1882
872,3253
814,1293
226,886
2866,893
906,3903
224,1154
170,330
3826,3523
964,2568
3469,3123
1474,2768
2205,455
2742,3780
1176,495
3956,2687
531,1700
2639,802
1104,1878
2970,3618
19,785
3411,420
2714,3480
951,1350
3194,2017
3407,3865
2543,1610
1874,2302
3825,1985
696,3077
3494,746
2941,803
1042,2172
1060,3093
47,1550
1782,1750
527,471
1995,1125
2259,1461
2046,321
3271,1423
763,2661
1703,1206
3408,1281
658,554
4008,582
595,1196
1344,1012
3235,3020
208,2812
126,3202
3264,1572
3762,3789
3236,2698
830,812
3568,77
3451,1692
318,917
310,373
3686,3578
669,2115
1016,2059
2953,1988
3660,3264
3352,2260
2798,1438
1817,1282
1908,879
473,73
4034,199
150,2301
956,1811
2240,574
3264,729
2782,2363
199,2538
3631,286
1327,2665
46,1312
1916,2801
2173,3776
1821,739
1036,2160
2825,1260
2329,76
1725,3485
686,526
1982,77
209,210
691,949
227,3702
1361,2435
3700,1726
2384,1903
1930,3918
2274,1424
1622,3453
345,148
2747,1966
968,3517
2259,1567
3841,997
1462,830
2925,1008
1885,3778
1837,1890
2022,346
1526,3985
1353,3703
2128,1007
3057,3648
468,3504
1518,2494
3842,356
2844,3181
3839,3493
3246,2907
4032,3319
2227,1721
3413,2826
1951,2331
4037,4006
1362,1711
1756,1271
3012,1982
649,2700
2606,2025
3967,2654
444,2406
2161,1397
3033,414
506,825
3454,189
2654,48
3977,2079
1248,1746
236,3201
436,2353
990,3868
3189,2843
3953,1240
2771,1123
2274,453
2917,1937
1296,2276
873,2256
3348,1937
1696,946
3269,1115
1865,2402
1778,3268
574,98
2374,1313
3752,600
2089,850
1467,2855
1160,1436
1177,3407
2095,1360
194,2154
2054,2345
3367,1721
540,2014
315,1775
1063,1099
1300,2168
3671,3084
1614,3338
613,2047
1691,1860
2934,3514
2184,3285
2958,2791
2517,2655
669,2174
3658,3301
3692,3627
2843,793
3179,3669
253,1403
2194,3403
2134,2454
776,3903
2090,3711
470,2892
2983,433
1560,931
653,2177
2122,885
2319,704
1828,2462
2218,3042
2150,2627
532,201
1979,1681
1644,3549
2525,886
3913,3598
478,2154
1640,101
3573,2479
2582,824
1112,2735
992,645
2217,2779
2586,2832
3149,3457
3983,561
3820,2595
3155,869
1454,3671
1921,2146
2945,1463
3359,1980
1811,1693
4000,1850
102,3579
2640,1611
2254,252
776,7
2348,3997
1065,3785
2969,1435
2532,2283
1522,337
1047,468
2692,1724
386,2790
1335,811
4001,3169
360,3877
3993,2995
2533,3530
3957,912
2074,445
3657,832
2705,1650
599,2680
384,2646
1435,452
1425,2502
2659,3195
953,712
158,2772
3305,1575
2546,2934
250,867
1229,1883
2929,1590
1965,2635
2150,771
3548,175
3099,2647
3028,952
2363,520
1946,3800
2032,2304
2368,2379
2874,3700
2317,3155
3557,3684
1740,819
983,560
2873,3816
1120,1543
135,3925
3764,246
775,191
2169,2785
3013,2393
1197,1396
1666,503
3568,3077
1464,585
2917,1994
58,1619
3828,2174
3870,24
502,1768
581,996
303,1380
2180,2541
907,1491
3477,2925
3320,3258
292,365
2175,3646
3879,3742
3329,3855
1572,1608
777,2407
453,2374
484,3209
3812,1208
2895,982
2675,2177
379,936
2488,2377
859,2806
3723,1916
216,1234
251,1246
953,3000
3266,661
932,62
3867,700
709,226
1547,1777
75,3573
3613,3934
548,1985
1393,2263
932,3354
1686,1203
1350,2754
195,1248
1701,1193
2644,3989
80,2646
3428,3008
3619,655
1223,3570
3458,3093
1016,2845
446,492
2942,1488
2725,136
2931,778
3286,798
3706,3329
3600,2744
3003,2768
830,1590
1526,3096
925,3149
3302,3047
3767,2585
1619,941
2416,3213
1398,58
3989,3250
1814,1004
3752,1854
1173,379
3434,3660
3082,2266
2864,257
3307,2670
156,1102
3060,2471
2153,1926
2061,1054
2245,1930
3688,3227
3156,2144
2046,3119
1968,2131
3189,792
3199,3718
1531,459
1727,2265
1881,3190
820,2754
1807,598
1747,2583
3503,2024
1518,3795
900,1578
2958,1628
2711,59
249,2271
2440,3821
1641,3340
1072,3934
2631,1021
3118,2422
613,1364
2065,495
2233,2217
1541,2083
847,3080
2398,2898
3614,3714
2121,442
3919,533
1869,827
2405,409
3159,1201
3384,843
3239,1253
174,1500
3611,2584
3318,3982
956,2471
2959,2447
3998,1566
2169,2727
1520,2475
1200,3332
3543,3581
3876,625
2519,1114
1414,1653
514,3945
3102,2874
1159,3145
491,3828
1454,2184
2819,284
1757,43
3839,1248
3696,3790
4,2585
2959,604
221,779
444,460
602,832
280,40
1407,3923
470,1052
3220,285
3649,1326
445,372
1811,1635
4021,544
1664,1084
3637,2694
1077,2572
3483,3996
3141,476
1817,2039
2716,1743
2730,2511
1636,2286
1597,54
2908,552
3050,1836
715,2041
1262,3739
3150,2094
3429,2645
3069,3336
1230,1037
1735,3609
3527,1195
2733,320
69,2801
2081,1409
1968,893
1976,3837
1327,2010
3434,560
2327,543
1851,684
2977,1877
3906,2450
2888,3285
12,2805
235,3685
1553,3136
3635,2820
2873,2357
3616,2538
3009,341
549,1186
3849,154
3912,3489
1881,158
1930,3359
3512,3230
3237,2078
3061,3128
1392,1793
2361,3968
1466,782
2788,3559
2539,907
19,1100
798,3553
7,3511
3846,697
2468,37
2727,3086
2229,1808
3301,3408
520,1631
2273,2706
423,929
2182,51
210,3807
3880,1853
2926,4035
3874,3027
3784,3656
2313,2137
2316,235
2217,619
3286,1505
3653,1719
80,3823
2488,3085
201,876
2997,3860
645,1448
2286,2902
3120,3387
375,57
2150,1816
2964,1158
3124,2451
1010,3819
3184,1051
1248,30
3148,3567
2679,1566
428,3090
2601,1191
3150,1501
1528,3888
2718,3058
877,3009
1984,1833
1704,2304
2810,1897
2695,2642
2854,3872
459,1599
3574,2947
2227,1712
3719,1252
633,2561
2335,914
1489,1562
3566,3134
2563,3152
232,458
2068,884
221,1414
2764,278
3196,1066
369,3878
263,3609
291,3567
374,3536
2576,3135
3268,3744
2196,947
3266,1615
2867,1956
3336,2897
3985,967
52,2370
2012,2966
1989,3131
3720,1259
3590,2225
426,2739
3381,2467
4013,600
2199,1053
1985,1182
473,2489
2433,595
958,2654
1126,1451
618,3592
3637,28
2870,1991
260,434
2538,241
2617,1694
1109,3927
805,2778
912,15
3924,3246
1271,3841
411,390
3184,2425
2922,57
1098,3607
1691,2806
3678,2071
1096,3839
3419,1817
2768,187
284,840
3129,1323
1971,349
495,448
3185,605
1883,518
3186,2765
1956,3916
3980,3009
1133,1427
1132,3180
3496,1253
1183,219
1178,2133
1933,1208
2091,2408
3106,1273
157,1011
2375,1570
344,3424
3534,3610
2320,1214
3061,1177
918,381
1893,185
2729,2546
1965,1978
1449,2183
805,2356
999,1484
2062,2173
3219,1400
2511,2251
1469,3000
2595,2276
195,1934
884,2512
3125,795
1961,933
1306,20
2173,2836
1560,107
210,3274
2916,3427
2485,1860
1112,2015
658,2167
686,555
3059,3814
352,3458
3408,772
1730,2385
3708,1047
3887,2791
74,519
1949,3859
3869,2554
324,670
424,453
1011,2537
378,2753
469,1515
2650,2873
2745,3907
1261,4013
2885,2917
3597,2064
3357,1034
2815,3906
704,234
2221,2135
2084,2526
129,3937
1462,1509
1649,899
3013,904
2654,630
3661,1112
2163,508
3115,1784
1710,3767
2481,727
3113,3057
2209,2677
2677,2349
2500,174
3271,1799
405,1383
63,4008
2773,2055
3689,2876
3387,1804
3270,3743
950,757
2944,482
3072,2223
3419,3422
217,2170
1625,3224
981,1145
189,1630
2372,2265
1822,1010
1957,3502
130,3573
3041,1506
122,413
2855,898
1281,2071
665,66
215,2476
1035,161
3306,1724
3023,371
2665,2997
1468,3116
3787,1889
1494,4009
3986,3043
92,614
3820,2941
2613,1828
2065,3816
1495,276
2378,3693
687,3773
1388,3907
2954,3485
3823,2302
1328,1010
849,3273
2192,70
816,2635
645,3533
537,2592
1403,437
1202,2746
956,377
1083,981
3775,2629
2895,1067
2133,3349
473,117
265,2145
3160,1584
787,1830
2168,511
2673,502
2208,3588
2663,1697
2530,1676
431,1306
1421,1608
534,3356
3548,2061
3811,3709
3490,1427
2923,2847
512,1555
2082,2218
1995,3982
2979,505
1237,2373
3017,3922
1185,1256
3835,3427
300,3097
243,583
936,1372
3608,3611
2031,1604
2412,2989
943,6
1745,872
3108,3078
2714,3435
1122,1390
927,2753
3899,3690
3369,975
663,3066
2102,1197
530,757
275,3720
226,3090
3806,880
1983,3543
60,1998
4017,3156
442,1243
413,782
1846,131
2926,2723
901,430
2627,3535
2951,3400
2433,3601
3332,2180
339,3995
2317,2111
1067,1033
951,3599
2162,3151
2281,3372
2370,513
3706,3720
1788,1331
1166,1639
986,426
2474,3047
1861,3465
767,2843
2998,2521
1716,2118
388,915
1970,1358
3912,1238
2155,2719
2435,3487
1924,1770
1186,1908
2815,3551
362,2462
1838,464
1208,1366
481,3612
907,182
313,3576
2741,2197
1225,3350
2922,2544
3300,3785
2728,359
2855,104
2171,395
2174,2946
3723,2616
29,3052
3072,3474
1243,1664
2544,3146
2516,2747
3938,685
2517,1076
2972,1776
1747,2205
2136,1585
3663,2707
368,775
2364,1730
3903,1868
1902,3197
2710,37
603,2493
1865,3998
2225,3880
3747,3176
2714,2036
3929,3365
998,3715
669,2898
1630,2529
34,294
1389,571
2626,1632
2025,1258
746,265
3961,2887
2893,3649
2176,1762
575,673
3196,2003
2291,1599
926,2686
2110,1999
3985,3873
284,3521
937,693
2602,3086
3365,3971
3521,3083
1445,390
293,184
1220,2203
2363,1546
3289,73
1987,3116
2129,2781
3484,2826
820,4022
3154,2775
1964,634
1600,574
2501,471
2815,1850
63,3230
2139,2229
3383,1308
1103,1585
1441,3935
3619,1649
591,794
1004,2282
34,1539
457,2729
355,2621
3231,2156
40,2588
1836,98
721,2027
1008,2604
3562,2484
2384,211
372,3407
422,1164
3114,1752
1344,2437
75,510
3,1411
2187,871
2499,1471
1390,1203
3426,863
3885,3601
2507,2100
1713,4028
3406,1153
2489,1114
2374,1668
3323,1815
1467,1978
3202,106
3847,1620
2149,3665
1216,1453
420,3196
3117,2912
1848,885
1296,108
1376,688
3676,2434
1282,2729
891,230
1185,1528
1880,1206
3723,2830
3458,119
1129,2897
3463,967
3759,2611
3494,1595
1499,264
1117,1514
3082,1711
1017,2605
3300,1502
2760,597
2676,131
3014,1586
3526,685
224,1763
1559,225
1327,952
2340,2047
2582,59
1328,1645
864,247
1499,1002
238,916
1369,94
2189,664
1833,2107
1514,673
1783,1395
863,3006
3344,3641
1323,782
22,3906
77,3345
1104,1268
2915,2902
3376,2268
1869,252
425,1218
660,2300
2356,1726
1286,832
3340,1358
2805,562
1364,3839
3082,2367
2308,2233
1578,3477
2140,3326
2924,2863
2837,673
2190,3267
211,2144
1271,2641
230,2469
2666,2685
1609,858
2907,3299
3787,1819
340,1568
3774,122
503,3276
771,231
3649,1474
2021,1100
3648,747
3682,3071
2786,3277
3788,3735
1489,2349
3791,3542
1659,2763
3987,3960
2208,3805
1144,36
1039,1854
2468,46
2775,2359
3824,402
36,151
2036,3437
1855,867
2245,1770
1323,1757
1253,3868
2980,3825
2762,835
2479,2288
700,2085
889,3475
484,1542
1365,2498
233,1153
2241,2420
276,3573
3965,710
1940,3954
3625,2605
3428,3489
2903,401
1689,2983
2664,1020
3888,3490
770,1062
1445,1964
2491,1649
3607,188
1755,2968
3869,378
1399,2579
3222,2674
2608,3928
3918,1807
814,2564
3472,1457
3465,3180
2627,3970
3998,2490
2844,1658
495,3465
3653,2830
890,1778
2731,3975
3163,2177
3657,182
1380,2755
1631,158
3366,2991
1062,2145
3845,1322
844,3586
1289,1970
2091,2585
3161,3180
3213,3913
2851,1707
2563,2048
1164,3327
3648,3078
3290,3113
1761,1360
3739,1862
2075,1341
282,494
1683,3361
133,2899
391,972
148,2217
3949,3114
2474,3201
221,1754
3291,349
3535,2950
3407,1403
3864,549
878,866
1737,3089
942,66
1272,1531
1140,1004
551,2942
764,689
2646,42
1202,1579
3338,3570
2660,2812
3347,2534
1607,1854
204,32
3919,1378
1348,2920
828,3350
105,2614
425,3154
2722,3009
1484,655
3519,3131
3602,1837
1243,2398
3427,3263
3614,1055
2046,1492
2079,327
2273,3720
3523,3796
2215,3866
3471,2493
3123,3281
1232,198
1124,1582
418,3070
1868,1206
1825,3109
1019,3827
2175,40
3291,2847
2765,2755
2357,1418
364,487
1834,3140
145,1682
3628,1388
1190,2486
1774,3791
1738,629
2636,1828
3314,1394
2583,3458
3464,3055
1381,3885
57,2958
2641,796
2452,2784
2550,3194
1542,3323
2555,3892
3081,2302
1611,861
3685,3984
3745,261
806,1741
1424,3480
1609,2212
126,1359
3358,3643
426,3526
2891,860
1830,3026
3476,1547
2492,2527
1951,1256
2355,2817
2352,1208
392,3308
858,2569
1837,2388
2518,546
454,3954
3346,3154
2565,2675
2625,62
2055,1859
1946,2418
3524,2204
28,768
1589,319
388,3439
2888,2624
2541,3760
3911,3702
576,592
1448,2741
3008,243
3396,2295
3911,4025
1500,1469
449,1641
1907,2427
3540,1861
1780,2537
109,1511
3381,2881
1866,1691
1731,841
712,1204
2036,948
2259,1131
943,1131
3914,2480
3956,1330
887,713
305,3124
1576,1723
1704,2891
2760,2832
334,1581
2145,1335
1570,1198
1652,3961
3891,4008
3650,2761
2664,3915
2523,2090
999,1499
1751,3437
46,2269
139,1044
393,270
648,3339
650,415
159,1542
1465,1738
2300,602
2726,3805
2399,3305
3734,2338
2383,2344
3020,2099
3707,3026
3929,1361
1998,1578
2488,3374
1352,1004
543,2899
2576,963
3398,1133
405,3413
1162,1054
3544,3915
2645,2705
1319,939
50,109
2465,289
1189,4014
2283,1439
767,1138
3462,3282
2118,2150
136,228
3198,1110
999,3118
3961,3778
1493,3403
1643,3822
1726,132
1192,1691
73,2614
411,2030
1187,587
2761,3047
1260,3738
3684,1490
2143,2413
2029,3939
532,3041
1079,627
20,2481
1023,2762
581,2479
3426,195
2427,2882
1976,3940
1705,2115
3280,972
1168,1306
2472,3695
2192,3818
170,1651
2293,62
1023,3359
3565,2191
1525,3479
3497,2394
3353,1781
2020,55
1266,369
2499,481
965,3991
124,3683
1988,1594
692,3641
3077,2504
3074,1627
2963,2839
523,3194
3876,3511
4019,2532
2079,2474
2764,2585
290,3055
3696,2294
984,3716
436,1482
2565,2835
2036,3880
3983,3402
3675,3072
2671,845
1183,3247
1593,1719
507,2001
1360,3735
2624,2929
2478,2106
3262,3609
2846,1997
3683,3271
1286,966
2615,2875
930,3910
1867,376
2801,2977
2599,1254
3637,2561
3705,2875
3943,1926
3264,711
2998,1594
1964,1701
554,1535
2840,746
2017,159
1167,2659
2249,499
2972,3248
1224,2873
2919,3370
2710,2849
1490,1460
3565,1009
129,1418
368,2716
1169,3716
569,607
1260,250
3021,2996
769,3935
3132,892
3901,3962
2552,2517
662,2412
4005,3036
2302,2982
3066,1151
3791,665
2051,3587
1457,3089
3511,189
2446,318
305,3771
3707,2451
3995,1238
775,1555
2945,3825
83,2346
3603,3322
1126,2751
334,3481
4030,1149
2576,793
2486,2378
2876,883
454,3443
2998,2077
3749,847
2322,3750
3242,776
24,109
2359,3317
1097,2626
3079,2919
2492,204
1955,1266
2342,3598
3982,2475
3709,1214
2446,1775
1695,2523
1076,201
2100,4008
1357,270
3380,3397
3428,2188
850,1891
3333,2660
2988,3600
2812,3225
1766,2507
3914,1466
261,3423
1371,379
1244,3526
3159,778
662,3990
1480,2847
702,2853
3794,3285
3261,161
3125,2671
603,1536
3622,1905
2815,3358
1754,3038
2847,315
3677,1130
1587,2620
4031,451
574,708
184,189
1138,3148
634,2818
3530,3258
1913,1530
3581,3036
1987,355
3156,3923
2229,2102
2504,358
2771,3118
192,3002
2016,2738
68,899
2051,2207
2428,602
1189,356
2227,2894
3604,3676
956,2792
1777,2386
1652,3087
2109,174
3652,2676
2300,2276
2460,1085
2847,1427
13,1747
2631,1298
273,3929
1134,2131
1626,388
1448,2051
45,2103
3453,1271
2151,3546
244,9
155,2824
2033,3473
3654,3425
3580,307
1107,726
1721,3536
3018,1679
3404,1995
24,3821
3763,699
1141,2058
2580,3477
1105,3858
1921,615
48,1594
3540,3772
1156,2404
2957,440
2774,1742
770,1003
445,3092
2388,865
1257,3651
3847,3754
1592,3109
747,1107
1671,3967
1483,552
2106,1576
3257,2115
1072,3747
110,779
2063,2602
361,1002
2641,2953
2224,620
3426,3448
1203,2415
2118,321
2580,3023
4023,3903
971,1820
2869,3781
2764,3738
2102,289
467,680
2153,1818
2849,3867
627,3074
2529,1169
2906,2964
1143,2947
1325,2236
3838,705
355,1250
92,995
3534,3292
2531,41
933,703
2192,206
748,981
3029,211
2612,611
3616,2334
3727,2374
895,3891
2040,2207
1101,2934
1532,1167
2347,226
1947,2687
56,551
593,2650
149,3377
239,2002
1401,3750
2944,433
1330,325
1429,2087
3847,3422
3256,1711
591,3590
1054,3691
2166,1209
3916,1614
1432,3429
3671,3466
21,2877
3372,3300
226,1053
1971,1028
606,3470
532,526
67,1230
389,2919
887,2149
3040,3218
1354,1195
2335,1833
3254,897
85,3861
2612,1089
3108,3090
2204,3228
3205,3913
1460,868
1233,2684
43,3353
3262,2858
1087,2727
3579,1347
3140,1181
3442,71
4021,1991
1777,2196
2014,4025
3306,529
3767,3327
3595,1298
919,781
3320,93
2835,1976
982,3685
1677,2709
698,39
2226,80
849,3141
156,1754
217,906
2530,894
3114,2863
3693,2349
3857,2166
3498,3633
2770,1499
1509,1366
1881,1572
115,3514
197,3169
1620,2528
318,3762
2436,1888
3676,863
2805,1247
1508,1580
1151,3088
340,3201
90,1386
614,3967
1559,2750
1782,2879
334,758
3762,2700
2222,1434
1308,2080
1384,1904
3903,2203
2789,2143
1608,116
1955,3100
503,2912
3783,3300
3197,851
2498,3118
3467,1952
2374,2566
2102,1237
1653,918
2833,3341
2007,449
142,3483
2266,3516
2721,2807
1916,1212
2553,772
1674,736
251,1902
212,2225
1633,2574
3204,828
2696,1647
3833,2645
1137,3894
307,762
1564,2281
3874,498
3608,592
2631,1600
3801,2937
1820,72
1170,2533
2279,3793
3008,2201
3116,1683
2852,1334
3552,84
68,3940
2249,816
3585,2031
179,556
3063,1851
4010,2031
2120,1142
3555,3066
3437,3346
2878,1945
1647,2437
1712,106
581,3815
145,893
812,2437
74,2599
2051,3734
1826,4011
2419,3129
3515,3918
2603,451
1999,3103
601,421
1163,178
985,470
2336,2422
1794,3331
85,3000
3192,4006
2969,1247
3197,3435
3347,3452
1888,2342
1070,2361
3237,1908
1844,140
2017,626
1757,3386
433,3154
704,3525
3971,490
3651,62
3793,3026
1336,3365
3016,278
2969,2911
2581,104
2566,2264
1200,4023
1788,2199
1482,1796
1085,3745
3352,565
594,2437
1823,3644
3424,2644
3863,31
1550,3859
3287,941
2883,1429
3939,2266
2970,1365
3287,2336
538,3195
254,1048
2872,3244
3931,514
1829,2807
2613,2389
2566,3867
3134,820
3794,2752
2262,1410
771,3362
1660,3620
1391,183
1258,2957
1419,2313
3214,2509
1770,1666
829,2285
871,3304
2080,2132
1748,574
2231,1764
3683,3628
1361,297
256,2514
1102,2612
3426,1583
3696,3165
2221,1745
195,1873
3206,3069
1665,1072
1065,1373
1081,3536
3947,2057
4019,3034
2377,2596
62,281
1365,2236
279,104
3298,3514
205,3159
1780,1667
961,672
231,1505
1419,2819
583,73
3474,2121
2421,1255
2983,258
2269,3199
470,3286
2557,3703
3587,2568
2506,356
2737,2670
2513,1252
3206,3700
2872,147
563,1139
471,363
2540,2107
2846,696
1122,986
812,1093
2314,3596
1065,3988
873,1608
1112,67
3345,3692
3527,1664
4016,2028
615,1758
1865,2476
725,2551
2477,3231
2954,1974
3626,207
251,1579
188,3177
1924,1871
747,703
1081,2277
1088,2662
1593,3624
3748,1170
3177,592
1499,1552
654,3390
2086,3891
1931,1409
2229,2663
1511,2113
1739,3949
1255,353
3522,1226
398,303
402,3440
947,2644
3131,326
1947,673
2895,2633
2135,1301
3389,479
3362,426
2708,2606
3788,682
2594,1769
50,880
120,1143
3856,2065
3899,1967
88,229
1155,1576
2628,545
183,2529
2915,2258
170,446
582,2016
3636,682
2459,1253
1135,963
1857,1283
2626,809
696,998
581,56
203,3925
1465,1741
2229,589
3604,780
2617,730
4028,1380
1173,1636
3536,2953
3139,2798
149,2420
1919,2540
3858,2439
2845,197
2449,2652
1259,2779
901,2092
3177,3694
837,3701
59,1039
2696,401
1046,704
3671,851
3385,3965
1694,469
526,3720
3618,3805
3005,2120
3332,103
2650,2668
1083,3498
2214,390
2852,3800
2433,2719
1460,2794
1310,139
3915,2648
3164,114
2039,3869
2026,254
1974,3806
3196,3917
4000,2985
3762,3471
3623,493
2862,2742
2421,136
1953,2622
1019,1461
1045,2
2923,965
657,2535
729,509
3825,281
1147,1971
1915,3080
731,1457
1001,417
2239,1753
2127,546
621,1521
594,928
1882,1443
2155,3828
4025,2240
1540,2040
75,3276
3078,2870
791,3843
513,717
1661,311
2859,3612
3346,2323
3255,1373
139,2985
3963,1323
1917,1048
2939,3846
3941,1737
788,4
1319,1060
770,1849
2502,1383
387,611
3581,2408
2901,696
3396,1542
1847,380
3518,2957
3595,2892
3597,594
1397,430
599,3168
2585,497
1887,3946
2304,1892
162,1170
405,3249
3225,436
2810,97
1352,2031
2413,1228
1561,1859
2673,1906
1581,1288
3860,1601
295,2230
163,1760
2449,3356
2493,805
329,782
2616,2795
142,2977
1588,2267
1241,1890
1394,3771
3852,3824
2208,716
2002,3038
1565,2800
258,1949
3302,3728
733,3818
1517,2476
3456,856
3870,700
523,275
471,13
362,3353
1000,126
3718,1526
3943,2993
1155,14
2364,3648
2186,2829
3773,3709
1127,2136
2866,3762
3109,1381
881,1866
107,1838
3641,2454
1311,3512
3367,567
1898,2946
2926,844
1800,560
1478,208
182,124
976,1739
1757,3198
957,1755
63,1964
1253,1116
1609,2406
1103,3405
2270,1967
3140,249
1925,504
3127,1762
2649,3639
1961,481
105,1396
1572,3345
3401,2604
3789,3605
1705,3957
3987,3634
113,1813
1430,3561
1807,1451
1275,1120
2745,103
2034,168
1793,3281
2116,3029
3997,3072
784,2598
1285,3717
2615,781
3671,3480
1796,213
45,1285
1331,2978
3889,2141
728,1657
1711,1258
3465,3216
1906,1765
2828,3019
876,1550
2633,1795
1600,22
2427,3047
2440,3026
239,996
52,2695
3290,2757
886,1799
1667,2433
474,3159
1469,2974
849,2938
3676,1248
3679,3234
3394,1212
867,62
710,3130
3042,2826
3568,1534
912,545
3259,2947
2712,2121
916,1538
547,811
2836,1540
3688,1887
972,291
1882,2487
973,3911
1154,1528
2028,2265
574,3324
27,796
1149,777
2096,1856
1576,4036
2346,1444
2405,3709
3869,924
3044,2459
3619,2679
1384,2089
1604,3378
3320,644
1971,3619
2702,50
3281,1099
2952,762
250,461
397,782
3825,1717
631,2561
1243,3665
3201,2378
333,968
3272,624
3590,1582
3791,2810
1897,2508
1648,2984
3699,823
3281,612
3025,2333
3409,1686
1303,411
1686,178
1174,1276
1087,3433
1197,11
3739,323
3630,3399
809,1715
755,722
1707,3489
870,3583
3699,3281
927,3540
1046,2943
3716,434
545,316
1199,3920
1337,3004
3290,3989
1037,3529
3503,2257
260,1823
602,262
2095,2622
359,2861
3047,344
3689,3675
1995,521
2727,1963
51,3317
1000,596
1145,3211
2374,1677
2351,797
663,3291
1864,2435
15,1085
3844,480
1935,489
3234,3146
3973,1535
2397,2719
3462,1715
106,3515
896,351
2487,2813
562,3152
669,2147
3634,2655
4,1085
373,983
2196,3955
980,2879
3820,1405
679,1314
1039,3008
3706,4021
1450,3620
205,536
3453,1969
2438,2729
1063,851
3815,2773
13,396
670,2172
2534,1249
2735,922
524,872
670,415
1543,792
857,992
236,3163
915,381
470,2059
2217,876
2436,2843
2200,2359
631,3056
1286,848
2498,1343
3564,3055
2211,1337
3014,265
108,1687
1752,2810
3570,3917
1718,3515
1568,2061
3570,1655
2766,1910
1678,2521
70,850
1265,1046
1416,876
2591,947
227,1537
3034,581
3462,2674
1892,855
252,2849
3986,1359
2811,1732
917,1525
2263,2996
455,758
2390,2497
2885,2565
2983,2027
4021,1770
3358,477
2348,1977
2870,2656
3526,3865
2920,1663
3131,3853
3295,1007
1923,1937
791,2129
3969,3704
2715,1764
3630,1657
2418,2727
3858,901
1325,1597
3557,1078
825,171
2938,3553
1042,892
1865,1974
3937,946
2803,2808
44,2757
1021,468
2965,2405
1632,3182
878,2921
3645,2412
3651,58
1501,2169
3019,2788
1848,3089
2124,3739
771,1239
319,1034
2626,974
1843,3550
3090,2722
3929,3384
3112,3624
2295,1186
1756,3046
1837,1722
134,2717
654,587
3596,3731
3055,2450
2762,101
1243,1218
1811,2423
3829,1231
71,3225
1203,347
2312,641
1524,3695
2446,820
2548,659
808,1554
605,3429
984,3814
1772,189
1918,512
2598,748
3374,3273
1653,3688
2152,248
2826,3671
839,948
3688,3314
1981,3913
3215,486
4017,1356
704,1583
834,2054
2328,1392
2666,1836
1933,5
3464,2382
4026,1796
3209,2431
1660,2692
1560,865
195,2019
2170,1611
1704,2029
102,1660
2438,2435
1172,476
3329,3068
3639,3322
3584,1948
3442,823
2094,2560
2294,1919
3106,167
406,674
2031,1748
1766,1476
162,1892
799,3902
1632,3288
66,2485
2787,3216
3306,3910
3092,2775
1792,425
2702,770
899,178
3270,1482
2396,3144
1708,3076
3059,1248
3826,2990
1570,3809
1438,1861
3196,675
2792,2192
36,744
3213,2322
2448,2139
750,3901
2403,2215
1147,1447
3667,3313
2026,1856
1946,2745
925,542
184,243
1724,3918
2997,340
46,1337
1997,959
2407,2360
3639,4036
3873,1816
1683,2176
3709,1772
458,3146
1976,1330
3568,2905
2016,1384
2727,2327
2234,354
2147,2291
1688,2588
2136,10
1752,2231
3895,2562
2324,3367
295,4012
1083,2826
1343,2365
2904,2437
371,2411
1570,1086
3427,806
2233,1110
2756,869
1103,76
2856,59
3528,807
3052,3190
3684,2369
124,2007
1921,687
900,2927
2343,1689
1841,258
1573,846
3441,3916
4034,3876
2005,1710
547,2903
2602,853
750,1488
64,2012
1854,1127
1357,687
1390,1318
15,2110
2921,2837
723,3993
256,714
1778,251
109,3003
3986,2593
3257,3485
1999,2387
2675,312
3263,1361
356,2772
1218,1208
3219,2267
221,49
3481,2529
3354,1948
1855,114
1515,431
1380,1405
3044,2344
187,2623
1178,1112
934,445
217,2383
2610,3912
3907,317
2045,3986
1660,710
2717,1419
2032,2063
947,3117
1338,2642
3380,1785
3255,2166
1641,1748
1967,2403
213,98
3284,468
2096,1383
3851,379
979,3229
498,146
1187,1083
3908,1167
1876,121
2664,1555
537,2794
923,1899
247,1877
1110,3743
1891,3732
2031,945
361,684
3447,3210
2031,729
1373,3758
250,2333
1211,795
480,1709
2793,3469
2183,3733
709,783
3577,3301
644,2306
2868,925
3130,1798
936,58
781,1169
486,1605
3439,2542
28,1569
3844,3245
1113,3643
1678,2701
1470,412
1094,2738
2395,739
3899,807
91,94
2017,936
2283,130
1605,310
1185,3592
1795,1459
3294,2649
3763,1930
1335,87
3848,737
3085,1329
3940,1846
3880,564
1972,558
4025,2496
119,1162
10,3228
1324,2780
1769,967
3323,440
3753,1287
441,2332
1121,2734
2510,888
911,3769
2164,1509
249,2133
215,3742
828,419
3279,2146
670,2550
2882,1386
299,2441
854,2934
1260,2239
3230,3186
3081,3731
3450,831
3279,2426
2650,2040
1890,1805
3291,3373
1936,2971
3194,3504
2385,572
1227,1886
2926,2562
90,1696
733,3615
1856,1635
55,391
3053,3185
2158,1770
2826,3454
3267,1515
722,3228
2148,2585
966,576
3463,3380
3425,1646
2386,3838
1588,916
2417,3763
926,3456
3155,2464
1050,845
2033,2471
134,3729
4024,3151
1286,3323
3394,2184
2022,507
3954,1137
1193,1341
1276,3329
1096,3309
3567,4017
831,978
259,3191
2609,3411
155,2605
3494,3031
408,3063
1181,607
2991,2802
2606,1940
3011,3043
3731,577
632,1075
560,2229
636,796
1658,2730
109,1532
1352,3669
3026,1711
697,323
443,2242
3271,1776
1857,2402
1650,300
1453,3391
334,1709
1520,3253
2237,2239
698,3226
1494,89
2211,1540
1546,1392
747,1434
574,979
234,3054
4017,3421
3818,1848
2800,1519
986,588
3513,1105
2643,2802
1961,1260
2164,693
60,1845
1862,3560
3134,447
1681,2169
2901,2332
3262,2166
3887,1591
3794,174
3114,145
3794,3357
387,3991
1563,2051
2964,563
3399,2282
3439,10
2674,2735
312,2678
3394,3163
2815,3089
529,258
3901,2478
1994,543
3406,3302
1310,335
1717,3638
1296,2604
3133,3588
2512,1379
1212,3862
1528,3909
3816,2996
2452,1249
3144,1698
3580,2942
1936,472
2541,2428
3092,3538
3485,1836
756,462
3117,3770
58,2460
2175,3566
123,2422
3169,1964
2153,1288
3337,3999
100,452
3345,2840
2014,3405
154,1182
373,1259
1396,2523
1749,3515
1890,3429
4002,24
2303,1066
802,629
2997,1370
632,1738
1493,3406
1521,1310
2044,3590
2735,443
1886,2457
2748,2421
104,2080
3924,2521
1874,1553
310,3025
896,3048
281,2075
3984,1070
627,2943
2297,686
2598,2541
3914,3052
907,2577
505,137
2292,2021
592,281
755,3310
1310,1167
2808,224
3935,1834
3397,33
340,2951
3785,1069
3110,559
4035,1439
2748,3464
1379,1071
1383,3315
1439,2495
1163,1599
2704,412
3195,634
42,3205
2634,2389
2968,3061
1483,254
3168,3734
2327,1673
711,1685
399,1046
919,346
3212,3680
2302,2871
2350,1116
3063,449
216,14
47,589
1554,2377
2995,4009
2495,2247
1994,3605
1114,2946
715,3069
1231,813
297,1488
1860,2878
137,2446
2522,3781
3985,3488
1937,1498
1958,3002
477,2003
3867,3223
2652,2333
2059,89
3937,60
3166,346
2768,2788
177,1917
2903,81
2181,535
3561,2616
3660,3527
1631,1204
2143,3765
1344,3080
3126,3703
1587,1482
3287,3579
3321,1042
3280,3908
1330,1071
3625,1317
438,2778
316,2888
1568,40
3176,2662
1262,921
1724,511
1623,529
2543,2488
1992,3824
2672,2122
3025,1680
3915,98
728,3252
139,808
3941,834
204,4006
1063,3854
2369,545
667,3356
2022,3129
586,2815
2495,1119
244,1608
580,959
582,1840
548,3800
3018,2051
3195,686
468,2239
1018,3321
1750,737
2138,1982
3242,2921
99,1039
2668,2882
1641,2918
1345,2157
3484,133
2900,3920
2818,1379
512,1859
2668,912
231,1663
410,3298
3418,2217
1847,565
1280,3641
110,2472
846,1292
732,3250
2097,1004
16,3201
3622,2401
903,3950
2714,3332
893,1326
419,2042
343,2632
3791,3215
3817,3652
2552,907
1021,3363
1706,4029
621,3069
1709,1223
1419,297
3748,2877
386,1112
888,1159
2682,1220
3102,1557
3690,2431
39,3050
552,1138
2371,322
484,1163
1315,1903
228,3724
3273,3370
163,1866
393,1017
1032,2289
1346,4039
2222,2941
2230,3843
2601,562
2565,3589
631,2887
2972,383
3906,370
3061,3577
2479,1810
892,2184
465,3264
1060,961
3237,2937
2251,996
1349,3674
3124,2901
1274,1930
3168,1433
479,258
2426,2876
3046,3913
3594,2766
1932,3935
312,2828
563,2239
3396,3240
1181,802
2285,2272
889,2357
2684,1079
1058,327
842,863
70,612
643,3680
1872,3210
3688,50
3628,113
1964,1041
119,966
1483,3152
884,3570
1027,1629
1953,286
2841,1482
3390,3849
1946,132
18,3144
2852,3817
1470,2319
3054,3413
335,326
3159,1625
2891,429
2505,1900
922,3029
2895,3272
1922,860
3060,448
3851,1712
157,3998
1838,3789
1753,3785
2090,3862
2904,1765
249,1312
2561,531
3631,423
3383,1793
536,528
2467,2272
1504,179
3670,3487
3978,635
3840,2585
1346,3799
3964,102
662,3174
850,1230
1799,688
49,1121
3521,3257
3251,3551
1451,3522
3330,3041
3311,1239
3810,552
2611,817
884,2481
3872,1599
3774,623
847,889
1207,2165
2329,1118
3922,485
1643,3890
3179,3394
3575,16
3512,2990
1356,2856
1473,2067
3666,3059
673,2644
297,1247
146,316
3747,3468
3860,2664
3369,509
140,986
3272,3202
1920,2727
2908,1265
2803,3538
1031,2574
2756,168
2351,3405
3842,3046
2705,2538
2683,1829
585,2796
2958,1635
2969,2215
2127,2202
1866,1986
2510,3507
1385,5
2901,1656
151,775
376,2514
651,1266
278,3299
2782,3955
3701,3914
487,1491
261,2429
1121,253
1051,935
2,3936
3465,282
3132,2401
1710,106
821,137
3020,2195
3794,2254
3289,596
1926,2498
1395,3274
1241,379
1507,3328
1569,710
741,2625
149,1249
3148,3737
952,3236
2056,2073
2106,3734
3212,1143
1022,427
1699,1216
3111,1794
2924,701
2131,928
3313,1673
3769,677
2299,3734
924,3456
1217,574
168,3594
3279,2206
569,1829
2118,2072
814,2401
2689,665
1577,1820
1092,3367
3610,2303
565,871
1974,3202
2314,2452
3539,288
3250,3775
1144,2496
2188,1193
3055,1891
3521,1048
2221,1687
3591,280
3298,312
289,3679
3805,1970
2039,1615
317,2720
3468,1597
892,3798
223,1916
3602,3385
3840,2308
1868,2185
2012,2361
2456,1504
2964,1316
648,1720
735,3056
2195,3707
2560,243
3135,348
242,359
131,2366
2879,531
1668,2911
2948,390
2466,1025
868,2132
2979,3874
1067,3419
2722,3731
1818,2588
338,84
2723,645
3506,3198
1548,1754
3517,1253
3017,3848
848,3170
3771,778
308,3206
612,11
2375,1244
2296,943
2911,1802
2122,3646
546,3148
3804,727
4001,1670
1158,3421
3064,740
2099,1691
1458,946
780,2536
1610,25
1222,161
3257,2087
3311,3521
3369,1303
1133,1422
1761,1973
197,2994
1638,769
1124,1009
3836,2622
3214,3904
3897,1669
62,2307
2595,634
3490,3739
3217,2394
1849,1345
3420,117
3978,2160
2940,1408
1262,2690
3432,3750
592,685
296,448
999,1053
1461,2910
2054,2775
1040,903
3497,786
2215,3818
1471,3294
1522,433
2887,2900
1060,3874
1609,3408
246,1593
2904,1974
1589,1751
3710,3080
2725,3519
536,3312
2029,1619
1449,1865
3766,511
3900,1380
4003,2021
3612,1032
1669,2468
2129,527
369,3017
2707,2315
786,839
3769,844
1163,1477
725,1501
4034,3490
1388,1769
1430,2974
580,145
667,1510
1072,520
1086,22
1668,2799
1888,3141
3782,2811
3947,3930
463,2840
1940,1529
1090,1728
3895,2328
113,2277
1045,2626
4019,2285
4031,1438
3255,655
3404,264
3312,1264
1605,3310
80,1093
170,1040
1264,1714
390,663
263,1593
3408,1341
3878,2101
1689,3930
1586,1479
1856,1679
3713,3202
4016,3364
1980,3766
4004,2076
742,3325
1145,2659
3626,3196
1509,3023
3095,1453
972,3100
120,831
2742,541
2438,3091
3492,2745
362,1593
1478,511
103,216
120,732
1127,258
2657,3432
3000,3261
3222,3436
2119,3651
2718,3005
1656,830
474,784
1605,3126
2862,3724
2659,1047
2237,3346
3345,2114
2223,2131
1957,2679
1265,1876
2558,4037
2894,3266
86,400
2969,2053
2618,3877
31,2103
1749,2624
3760,1569
1108,3771
41,3845
1346,979
125,602
3608,3334
682,1652
2739,3425
190,663
1952,1220
3583,3023
2130,1859
200,883
119,29
2298,2245
2411,1457
846,1541
2469,372
3774,373
850,3333
2784,1389
2442,2969
1157,1428
3175,1323
2643,1855
2668,1680
1336,1160
3866,1642
1929,4029
699,125
2118,1126
283,794
457,2312
1957,1340
1248,3310
1899,116
8,702
180,594
986,3808
2348,1307
51,2721
484,3781
1578,3209
240,493
1195,669
1728,2312
1122,1657
1963,2677
1859,1833
3607,2491
2430,908
1471,1770
3702,404
3482,2760
997,3101
1462,2990
2352,256
2947,3996
493,3884
2228,3661
911,1527
1103,2170
1826,1866
3962,682
2234,2012
2071,1980
1359,853
2917,3613
2585,1108
189,4001
1888,1692
3134,1622
2701,720
1056,3032
465,1613
1691,2276
3328,1200
3254,248
2629,569
2725,1413
3097,1576
2767,2345
1282,1146
407,1319
1301,2944
18,664
360,3376
158,635
3326,3444
3406,1103
795,2008
2929,3816
726,1955
2520,3109
1952,2501
3569,973
796,2557
3554,2580
462,852
1544,210
1693,4023
1079,1027
3650,2096
2636,1464
1652,3950
479,371
1914,1416
3621,750
1061,2762
2905,2985
27,702
1779,3864
986,3397
1213,816
2788,3792
3982,1256
3752,3012
3126,2575
3653,3645
2024,1415
390,606
459,3656
1604,2325
610,76
1735,2915
763,1766
2902,1225
1345,1429
3222,1127
3927,1271
3684,507
2290,2005
826,3603
1333,708
869,2986
3168,2817
1694,3881
1361,2350
2435,1359
1476,51
1337,3869
361,2327
2914,2799
1717,926
3282,1763
1737,3528
1846,3726
2818,3534
2679,141
246,366
861,3705
3326,291
3546,888
3243,1194
1088,2140
3943,1911
2898,1424
3784,390
2830,2380
2350,1663
1656,3422
1270,2770
1110,5
2654,820
1435,1453
2153,2398
759,2688
1497,3821
3180,1524
2653,6
1897,3369
2125,1162
687,552
824,1701
3489,3348
306,2331
1596,3133
3974,1153
3802,1941
3746,926
2837,495
130,2120
3150,3005
3333,3100
2004,2138
115,741
534,935
3419,1967
3575,3237
248,2559
1311,1465
3689,4028
3036,400
1203,3018
3745,3640
1750,2917
3990,590
2324,587
685,2653
2957,3990
1248,2329
2397,3095
3086,68
253,1421
655,821
2731,571
2576,1825
102,1290
1223,1182
3734,1916
1553,1879
890,1184
1126,1423
435,1105
4009,1394
886,3064
3663,1247
1531,2166
831,2004
1193,1686
608,3752
3762,1310
3356,1334
180,1227
446,1160
1379,3389
3935,1263
3233,551
2516,827
3678,2892
3762,3595
3595,2168
2504,4007
2770,1007
1022,1179
1953,1647
607,3776
3013,3170
173,2654
3079,245
2799,3329
3201,3676
3209,2261
585,686
2075,1371
903,744
1687,1196
579,1309
1764,1366
944,2254
1560,1687
1003,1060
135,1487
592,1011
663,2324
3371,3733
1903,2982
3591,3223
3637,62
3378,1989
1988,3025
1431,2350
2790,2712
1571,2528
996,2156
79,3712
577,950
822,491
1202,3395
3878,1753
982,2910
1325,2793
3830,2075
560,152
602,2613
2172,3622
61,4038
2187,3344
1973,3728
2525,1430
2159,2789
1923,3603
2785,2828
2177,2077
3305,3271
2059,2284
2252,3089
4013,2036
1501,2664
2490,150
2361,3382
1578,3588
2132,2437
2718,3379
690,1650
614,57
2842,3364
548,2795
3411,1541
2590,3136
902,3531
2822,2715
463,290
1762,3875
2053,2799
494,1890
295,1349
468,2602
1171,3898
2590,1202
3340,1761
1909,1834
1807,2965
219,1221
2997,3576
1855,164
2150,335
1315,1944
3222,1912
3944,2244
357,551
35,357
1139,3565
419,1439
1651,1790
3762,1979
3071,1853
2151,2357
2179,3494
581,1104
2329,3599
951,3160
3921,5
2526,2144
26,2275
987,3012
1658,686
122,141
2196,3067
3581,14
1005,683
2775,2459
3768,1565
774,73
2760,2112
919,1657
1095,1233
1750,2658
2460,3577
3765,1024
1395,567
1369,1245
2600,2364
3826,3676
2502,830
1889,567
1171,399
972,3764
740,356
3390,3126
4026,900
2251,1180
2439,2584
1641,1839
366,1153
3858,2059
3440,3081
174,355
1553,3369
3248,2315
3387,494
2684,3857
3805,2042
451,2644
1937,344
1676,3687
662,939
1720,1012
3878,75
1226,933
3963,1553
683,2552
749,3788
2408,1915
3507,3231
1154,3822
2912,3869
60,3664
1626,3381
1139,3776
31,2839
2590,1889
1926,3786
1983,3728
3694,1676
1980,3705
2386,2699
3251,3625
1127,2365
2009,2599
3823,3181
1940,3030
461,579
154,3690
2374,2283
3596,1593
714,1970
1517,1452
2169,3955
2393,3254
2161,2334
3857,309
4022,1392
831,2804
3604,2029
1220,3769
666,2069
1080,1829
1559,1096
437,2070
2239,2910
2131,1459
1168,1455
1552,2182
2314,295
2372,2237
3579,1420
992,3199
657,992
2756,3721
1662,5
1258,703
1549,1430
20,1991
2719,112
1012,48
195,3218
3544,3604
552,3478
1342,2697
3975,2460
3410,2598
2663,2477
439,164
3236,2077
2916,3242
3721,2150
3988,2368
3901,1551
1281,120
3148,912
964,2340
1515,2638
1128,391
3561,3302
3881,3873
3146,2692
1303,2582
2058,788
759,253
3695,3393
3239,954
428,2412
2844,821
3474,3066
1447,1053
1867,3386
620,1147
713,3231
3275,3555
794,3200
1725,3508
282,2559
3569,162
475,2620
1232,642
3532,2947
2902,1336
280,432
651,1347
2200,2929
3863,2588
2568,2828
2880,1671
2032,3593
2356,2243
229,2901
968,2498
3014,1669
1795,3520
1337,1952
973,2924
2767,428
1136,3976
42,208
721,240
2041,89
1804,2115
557,93
2423,953
1513,2068
2535,2737
3996,2791
3715,2911
866,2665
1570,1379
2646,461
3819,1830
2063,1811
3821,1660
338,2491
2923,1325
3090,358
1401,4022
1685,1570
811,2847
1029,1353
1891,2108
701,2243
2050,2156
681,2046
3236,321
2424,3884
1400,3235
3127,2856
2948,1626
1585,58
2338,2170
3991,2848
1893,2659
3504,895
563,2833
1335,2928
2290,3276
2834,3522
3124,2107
1471,3483
378,141
1620,3622
1885,2960
2482,2817
338,2079
1549,1157
1690,1463
3813,1647
1832,2652
326,3622
23,1818
379,1825
2918,1078
404,3710
840,2010
202,1201
1978,70
3995,3184
2827,3289
1975,3370
2859,2658
1414,2988
537,2818
1615,3405
1368,2732
1859,4021
758,3253
1163,297
3007,972
2358,3712
1859,2547
938,3050
2561,2037
1501,936
921,1018
3290,3942
115,2834
1129,2760
1558,992
2660,1043
672,2873
1059,2034
4036,2059
864,617
586,3434
2310,2587
732,3875
2286,1095
3236,1784
255,3138
3128,2631
2006,1607
2259,3013
3262,143
2540,2797
1250,1032
1891,3560
1853,3151
3652,796
3374,1864
2760,2214
2007,450
4026,1081
608,3504
2672,2391
3446,1596
2922,2979
484,1854
3311,53
2989,1687
2886,3046
395,1735
1168,3287
1605,3227
2994,2563
3382,2260
2260,862
896,2929
1696,2559
3896,2679
1574,447
3525,3197
1590,3106
1307,296
1534,3371
1427,3947
3840,868
2952,3999
485,3786
298,2146
2981,1967
886,1480
3608,830
350,1853
3189,3055
979,95
3750,3553
2019,2178
1174,3449
4018,2314
769,1128
2522,294
208,1128
150,2820
1909,165
1933,2447
1319,563
1660,1887
1893,3577
1773,2175
2060,1980
205,1190
357,2680
1562,3785
1623,1650
1280,3863
456,3241
2606,2889
453,3799
749,1532
208,1870
1030,2650
1805,2750
3635,306
2474,3467
32,382
1295,2152
1690,1812
3913,2781
4014,2271
2291,1592
3564,815
2506,233
2952,3587
3770,3461
1895,2633
1336,896
1838,3137
3699,1948
33,2831
3258,2493
1720,1205
1045,1060
2744,2027
946,1328
943,2846
1060,1761
2306,2935
3572,616
647,959
25,2482
3136,2100
3725,3835
3216,1845
1831,3158
1062,4
2410,3246
3273,2126
1395,3469
1673,768
3410,2375
1500,2461
3772,2424
2741,2956
418,1593
3048,2757
1691,2673
1326,2544
1803,696
3794,3707
3614,1933
547,1672
718,1672
2197,915
157,3262
14,1694
1033,2405
3910,3154
2789,2012
180,2832
914,1841
1002,283
2237,1180
1117,2355
3382,618
498,1209
2713,745
116,3680
3062,3809
3245,430
1793,2742
3213,1040
1770,3916
120,1220
1064,1490
2523,2094
1593,2261
839,1406
3330,281
3547,3355
2500,2510
988,658
4034,3284
863,574
2396,1195
3195,3346
1900,3563
2896,2387
1293,832
2977,2730
3325,2076
1860,2022
907,3335
920,493
3466,172
3469,3837
654,1950
2566,494
1007,2896
2512,1254
2444,1279
2040,3650
4039,3638
3800,280
3812,2284
3006,68
1789,2438
1272,1570
270,2778
3187,3535
34,428
538,1301
925,3847
3073,3351
103,2164
3361,884
3585,3186
1909,1554
3445,109
3829,3703
3020,3012
3217,1000
206,2743
2176,3488
2190,3748
1851,2771
191,2006
1982,980
2219,1474
2578,1835
1363,404
131,1950
2240,1105
877,2027
3651,1546
384,2123
1946,1568
1687,701
2055,1320
3326,1784
916,3129
189,494
3166,2276
2589,2045
1131,1658
3298,2980
1363,2601
3809,527
1625,3857
2543,3376
3683,2209
3168,3881
1730,1884
3887,991
2389,2864
3174,1658
47,1135
1053,2811
2502,3462
3119,1448
3157,3841
1004,3742
1142,436
371,661
412,3811
1764,3031
555,639
2803,2729
3721,3320
2848,1721
3463,1943
1919,2506
166,2464
2116,2260
3465,2045
65,2898
1536,174
876,3645
2311,352
870,3276
437,997
1726,2224
163,3106
1423,1993
2598,801
2208,982
3451,1998
3383,2443
2047,2514
243,221
3451,2545
618,260
1825,1570
1671,1204
1486,3117
778,1693
1850,4031
2104,1877
1209,2194
3277,1333
3119,2852
2013,518
15,1872
898,3971
934,3344
84,3991
3999,914
3914,3430
3323,1372
698,3139
3228,3484
121,2527
2976,3689
949,3955
3966,2087
3723,1728
2036,24
138,293
3646,115
1226,427
14,1259
1258,415
2916,1349
2211,1999
701,3844
1032,262
1097,773
2437,908
131,2759
763,2285
3419,3582
2774,665
1699,4
409,1672
3271,3881
2137,4023
2372,3268
774,1226
2952,224
2360,92
1658,1788
2421,3004
1739,3325
3143,130
3274,988
1390,2784
1338,1020
1264,1485
637,3875
2702,290
1025,3008
2124,791
2275,1084
2143,2161
309,1771
3305,1793
826,1864
2919,1762
2448,3791
686,2103
3957,1739
3919,874
1129,1084
2449,1476
90,2893
1667,2568
1755,50
1488,2747
2582,779
13,2291
3410,4021
1084,995
3022,715
2386,2260
1186,1084
972,2818
1788,115
989,3938
591,366
3766,2917
3544,265
20,1608
700,3922
1258,3541
1723,3266
2158,262
934,3745
2283,3138
321,2043
3815,2982
1577,222
3026,2859
3037,2722
3299,1632
2568,2172
3074,564
1985,1640
3696,2423
1615,1464
509,3918
95,3517
2018,892
106,1919
2724,2744
1002,3401
820,3742
3584,670
1916,3564
3091,1818
2721,2390
1317,3158
2984,811
97,3239
1248,908
1105,110
641,193
3906,150
932,1296
2802,1098
1113,1838
416,2114
3214,2680
3167,174
3360,3307
2049,1928
2437,3359
1863,3290
3293,185
3557,1113
2217,3226
2664,2375
3983,656
3880,3457
3350,2453
471,1321
2986,2755
3718,3382
1909,2111
454,1421
3256,918
2566,3652
1422,3383
1200,1142
1099,2943
575,312
1064,826
474,2617
4027,1111
3729,1116
2737,2009
1432,366
1120,3955
3134,3258
2491,3149
1432,1279
353,2452
102,3294
2553,2819
2611,409
3662,883
3028,2132
3245,2359
2238,3296
2311,3802
471,2079
2754,3626
3810,2115
3487,1916
2895,2648
2322,1669
1641,2886
259,3798
3425,2826
2259,3802
1698,1833
3201,654
3904,87
1350,2013
2624,441
2520,2020
3966,844
568,1373
2217,144
3314,2405
2156,2325
2175,1707
3258,300
3024,1022
2715,1969
1207,2205
2398,2635
3886,2497
175,3870
3691,3735
3289,528
1789,2514
3048,1463
2133,3759
2233,3422
3384,80
1501,1896
57,749
2737,3797
1999,561
3437,3657
1874,3693
2527,634
633,790
1494,2569
1666,1094
3624,2564
598,2711
1751,593
1347,2490
3773,1864
3731,3228
272,2379
636,958
1191,918
325,1294
1072,3801
1871,1932
1671,1599
3270,1166
1483,2806
2943,4
2061,250
2041,2938
1639,2168
2111,2986
235,2777
206,2709
1580,3444
743,1091
2724,3330
2998,3417
1394,274
3245,2799
2844,2577
3653,3361
2183,3580
1266,3480
1056,2561
3584,3340
2490,1986
416,1055
1924,1100
3245,626
3332,1487
3628,1385
1364,3866
1791,867
3268,347
310,427
2214,2262
1311,3364
2234,3065
3195,249
2870,2971
2124,827
2079,3605
3977,1595
141,3159
216,237
955,3855
3162,1381
2294,139
3556,3770
2399,3887
1938,1795
1771,3276
1684,3084
3317,3241
1086,374
682,464
1946,2901
1492,2733
3010,3774
23,2800
1997,269
3957,184
2828,3067
3507,3223
3921,897
1466,3555
2058,125
624,2803
3845,2095
623,1227
1190,1616
2011,3335
775,1476
4025,3055
1871,1142
3618,1362
474,3313
1379,3586
3233,1982
1451,3306
2204,1029
1315,2363
3815,2940
1009,1170
2849,1709
4021,571
1938,2461
2470,1969
2331,2710
2914,3166
2911,3259
1314,3962
468,3172
1041,1787
2531,1723
563,3690
181,448
1584,1593
2394,2344
4013,1585
1383,2291
828,585
1146,2973
3227,2848
3064,2131
1233,1021
272,3854
3244,1025
3915,1475
3689,2911
1287,2158
2624,1320
3784,1703
3409,2871
2613,459
1947,446
2764,1249
18,2272
3109,4000
2427,2310
1535,3745
1681,2670
783,1200
1014,1780
3072,3192
630,2039
3553,3806
401,2192
3631,684
2603,1085
1838,365
1952,930
913,1273
1906,2167
1670,1584
3617,2392
923,1153
2307,3107
930,3894
2430,1862
3968,2955
1702,397
3743,1651
3952,2528
2881,2480
3559,2922
3652,2819
2790,2625
3706,1422
1884,2284
3708,818
61,1272
745,993
1217,1605
1827,995
2951,3486
3543,3909
3990,1041
282,746
3629,503
270,2107
280,3860
2711,3804
3291,708
3656,3347
338,86
1623,3467
706,3435
3050,2050
3756,1998
3574,2686
330,1015
3923,1332
149,403
1253,258
903,3244
1545,3904
2915,2014
1088,2359
3439,393
135,1199
3875,1251
1073,3447
2454,1075
3558,3640
3471,346
1554,3935
2305,2169
1920,84
2399,3000
968,1117
2404,2740
3951,2719
243,3373
871,3718
3018,3041
102,473
739,254
2122,2730
547,1984
43,3964
2995,3302
897,3221
3348,1206
2472,2563
1006,392
2345,1159
2288,1433
3547,598
1880,3919
2593,3497
2212,2412
1715,2871
3938,1547
1129,1861
3487,3353
1950,584
3738,3564
1608,3512
598,442
1302,2736
324,1126
2957,1474
1667,2
1208,995
1147,3483
2992,3205
3552,1708
2183,3978
1115,91
940,3619
1289,196
3444,1152
2012,2024
1219,2048
1459,2001
4037,1154
1477,1833
1633,2426
1933,3008
2618,979
2628,939
3038,3667
3140,2715
1884,1947
3943,2767
402,2307
2126,3090
3312,850
340,1620
1127,1583
1959,3890
3893,3425
3815,3413
624,672
1959,52
3968,3388
3633,707
710,602
2552,3821
3576,3304
3521,3497
2466,2971
3515,1584
3911,2293
1263,1953
1457,395
415,1866
3841,1107
134,1291
2242,2873
3809,23
975,1092
2749,10
2204,45
601,1496
1658,59
1277,3471
3613,1621
808,32
2674,3389
959,3950
1875,2426
713,2080
1343,1342
3059,2464
3067,591
1256,419
3919,434
2255,1290
1046,56
325,1591
3797,2172
3351,3494
2897,3870
3036,2030
3840,1118
1011,2076
1904,2633
1054,2328
1347,1326
3482,1707
1743,2985
318,3373
2744,1380
1603,2346
2566,775
3819,2468
1957,1796
2296,2009
3757,2620
1935,1533
3283,2703
245,1
4004,1533
2827,2622
1924,2477
3831,1854
76,3403
1003,515
2599,2831
775,2589
707,3739
1896,2905
326,1268
1876,1994
3492,931
2274,336
2434,3695
132,3942
213,3892
1427,3206
1168,1411
2903,3092
3790,1170
2324,1346
2730,233
2172,2640
1961,3571
2611,2162
281,754
197,2574
372,1142
146,1925
212,3887
2663,3603
1436,1776
720,2449
3401,1096
3770,1077
523,575
651,534
2382,821
1644,1230
2876,1239
2046,258
1356,661
677,661
3587,1969
3615,2428
1580,494
2265,2104
1410,1299
2464,213
358,1682
2626,2578
1375,1368
2840,1622
3431,2860
3305,3937
3430,3266
119,3053
1791,3184
2160,3577
2479,1301
2682,2363
609,2598
347,262
3602,3921
2447,2705
322,1988
3847,1528
2649,1844
3350,543
3055,3065
1148,2893
1550,3034
491,1944
358,3790
2984,85
717,3097
814,3847
853,3339
839,937
958,195
1696,2208
2801,1131
226,560
2104,2899
3941,111
2834,2719
723,343
1334,2411
4038,1768
4032,2596
2801,2009
2284,2536
800,707
810,138
2612,886
2339,3488
1974,629
790,546
2388,1250
3463,958
2586,3690
747,3048
1414,3629
1488,1017
86,401
1838,3869
1599,2812
2855,1782
2676,926
3446,3832
3520,3664
568,3044
1001,331
3184,1623
1136,3873
216,740
2075,3161
2077,1523
201,1164
830,608
1418,3156
694,151
1220,142
740,2392
3020,3236
3895,965
3134,2144
3876,2637
2727,210
2460,93
144,3215
1299,3961
3795,3175
2507,3872
198,2887
1692,2123
108,2271
556,147
2906,3997
3408,253
1894,1661
1397,3391
3219,1308
1322,1688
3004,920
1010,2109
1076,2220
3346,3974
3858,2951
1742,3
892,1658
1570,1446
3005,2185
2634,1600
1510,2172
3583,628
1324,3836
3635,2738
1540,1954
1668,1652
1406,3098
3872,1190
3153,1609
2283,2856
1698,1724
3626,182
172,4013
1242,1758
2941,3445
1709,3946
4025,3669
3909,1109
2832,1042
2951,3545
3265,2797
3481,685
1443,3186
2169,3408
540,1139
2955,2486
3062,3903
1861,2302
2610,1229
2971,160
1643,2303
1502,2991
907,2363
3876,1175
2546,2306
484,3804
1393,1148
371,1011
41,427
2415,2981
1240,1374
1887,1135
1133,2084
2696,1469
3920,3724
1246,3459
357,1750
1627,1408
1554,1332
2423,2555
2267,1131
1363,1102
1026,1787
1767,3811
1097,3149
1400,759
2043,3177
3362,3719
1721,3511
2615,117
370,3888
2754,3282
1628,3729
573,3066
969,4021
1108,3599
85,2042
1339,1680
140,3514
3339,1187
3581,2686
583,2914
1258,883
3327,1313
22,3239
2480,3058
4002,1785
2427,1430
2891,1847
2898,2828
1047,2734
2106,42
80,157
2651,1932
405,976
2424,188
1138,555
147,1340
317,2249
1680,2040
3271,1232
135,3962
1315,1142
2382,1506
3175,2484
1064,1121
1026,1413
1963,3785
2813,1246
419,2732
227,3026
2050,2598
694,358
2984,514
2045,3765
3391,295
1742,1685
504,1426
12,1787
1491,1563
3144,58
32,3203
15,2697
2667,167
1004,1599
2555,223
3778,2699
3623,2656
3547,1717
955,1887
1441,1697
614,2844
2937,3474
2144,2248
200,1853
3242,633
1271,574
1056,1963
855,1668
3297,1122
2550,3121
3068,448
2116,2372
3019,2988
358,2045
3685,3939
3611,978
3666,547
3998,998
615,1785
2587,3579
1340,1961
583,2783
1559,2567
3398,1602
998,687
2220,189
386,2939
3050,3220
2696,3113
1425,3119
1666,746
124,3826
1932,1765
1656,1582
1160,3132
280,1151
1029,726
2666,2438
3672,790
2453,1192
1730,2570
2130,2357
973,169
3570,1202
3719,1498
3870,1468
183,186
3288,3493
3089,167
1161,656
386,360
2131,1498
1556,2125
675,1153
128,1448
1880,3394
2976,18
133,1280
2170,568
1975,1011
3946,2572
3563,2681
1154,14
1770,1693
3549,2628
612,3599
1493,870
266,2222
303,2543
1804,543
1377,197
3961,2190
257,2390
1351,3193
2376,1445
3344,1751
2124,1885
279,1799
3499,500
1924,3336
911,2188
3495,794
95,3873
3214,632
1228,894
425,3589
3239,3333
1061,3261
3463,2988
1327,386
2956,2669
2424,3422
277,3843
1058,1849
2285,2105
654,2452
1019,2470
2231,1576
3713,2308
231,3966
644,3137
1496,287
3975,3690
2786,2628
2595,2598
1479,3475
2555,797
3358,705
185,3993
3133,1542
2839,943
2909,3135
2833,2779
1155,413
2093,1507
2530,2879
2623,94
2835,1937
1869,2012
988,1910
3155,441
3671,1654
2334,522
2189,1843
246,1230
1292,1744
3880,3126
3021,1935
2987,608
2078,1402
1325,2634
3829,299
2017,3474
3264,1533
2610,601
249,1717
2073,3157
1054,1305
3488,4010
3327,894
2835,1236
2690,2301
3278,3699
2663,1274
2837,1196
651,790
3890,1758
3418,3006
1020,3110
3116,2270
3017,528
814,1778
259,511
2959,1036
3317,3020
48,2772
369,536
3233,1851
2783,1966
3582,3622
247,3155
1391,3217
613,1066
3073,2909
4016,2796
1788,2506
3062,3560
1390,25
1446,2723
1696,3274
3588,2934
3303,1264
187,2182
1477,2966
2804,2480
2254,3564
2292,1274
1268,808
1190,2388
2516,2196
3053,3970
2742,143
810,2808
1899,1429
2167,4020
2162,2382
458,2031
228,2409
1174,1996
318,3516
2891,930
545,3839
381,2525
2555,129
50,1929
23,867
2525,1389
3122,2765
3460,316
3458,738
1159,3176
1580,1303
1666,2401
3807,770
1602,2859
2799,366
3541,2630
639,2344
1315,3069
1768,3721
827,3796
1950,1051
3436,2552
2065,1071
1831,9
1406,3479
2376,1784
3771,3376
206,2274
610,3809
3617,3798
3570,278
2652,3803
2540,1700
2009,1983
874,1537
3359,831
370,2760
1673,1562
3141,2358
930,1275
2844,3936
3388,506
2250,2654
3564,3505
1923,1762
1154,1276
2845,3821
1846,475
2447,1223
1423,842
2699,384
263,3874
2176,2065
2051,3924
2025,2211
443,2425
2666,215
221,718
669,3347
1839,1412
3412,399
1374,3545
1906,2204
621,3759
597,2020
3658,2759
2991,52
3698,291
2589,644
2767,666
228,1632
2537,2241
1999,1848
738,3660
2023,2925
2600,831
3101,3647
1539,494
3187,767
1997,1532
1955,2931
3213,1253
254,707
518,2972
1175,276
2854,2818
2075,3075
3051,2968
1855,2429
686,370
1519,2063
3167,388
1909,3073
3344,4024
2297,1343
317,1806
756,2311
419,2835
3256,2135
2368,423
3808,1604
2115,3791
2670,2494
819,2795
1426,2098
2842,1659
2843,1680
2285,784
1723,302
2022,3611
2054,2718
2800,3807
3474,3720
3206,2059
716,336
1578,937
3461,2331
2097,572
1864,3247
4010,1785
648,1722
3304,1546
2498,3278
99,3214
1232,1220
923,1782
2231,997
2938,3356
91,3272
2838,448
3604,388
3289,2844
3741,1467
2514,713
2994,1164
3481,3064
52,2823
2639,2983
663,2262
340,1995
3660,912
1822,2359
2871,1610
2232,1744
1065,2190
2373,3908
2111,3980
2626,1287
3829,2986
1160,1444
582,1670
2492,909
1837,1370
1266,483
2500,448
2915,2609
2029,900
643,367
630,805
3143,3250
2050,521
2358,924
3783,3357
1961,787
1971,1306
1730,696
2453,3345
3889,798
3931,3664
3017,1852
2208,1488
318,83
1197,2811
2231,1657
3039,3064
2191,559
2832,3580
2403,1061
835,178
2862,3265
2149,1757
2226,3808
1064,3354
1830,870
2767,3726
2971,1005
1135,2754
701,1996
1336,2712
2972,3712
86,1101
861,1967
2692,3516
2379,3546
760,115
1495,2893
1983,1753
3669,3399
3276,2614
2631,1153
913,829
423,3383
3938,2726
1702,1658
2469,955
74,748
3863,3777
3950,3867
3899,2175
1112,367
1191,1505
467,1780
3455,840
4032,2543
2864,583
2402,1134
1025,1706
2381,119
774,2877
608,3294
3623,2180
457,483
501,1491
1777,982
3122,3076
3304,1044
2421,1734
1094,128
1731,2056
1144,1558
991,3577
2624,855
2982,2097
3159,484
2760,1047
838,288
1142,1052
2395,3444
2578,3970
535,337
472,2187
427,1172
2064,2107
1469,2664
823,2402
2710,752
781,42
1051,1725
2218,1577
1244,1374
924,2944
899,151
2692,2584
3631,2162
1491,210
979,2046
2721,1879
1106,3172
3982,1555
2314,1139
3591,376
3445,1651
187,682
1732,1777
3156,2927
1467,2215
947,336
2854,3227
4015,1390
1219,2485
281,1819
932,3231
316,1755
3602,1395
2832,2402
36,2852
3337,406
3628,1550
2643,2582
3532,796
3832,2031
2618,3242
3702,3162
3055,777
2693,2084
173,3598
238,1439
129,504
1340,2251
1902,3109
1044,2410
1103,2528
1850,2899
1953,200
3288,3281
164,3618
4007,282
585,3759
1214,2519
2035,2807
3076,3783
1216,3971
818,1278
1714,546
992,3276
2896,1441
1760,3250
1948,2864
3057,3291
2229,1528
133,2427
4036,2861
2804,1098
1782,960
537,3096
2532,2910
2043,3625
2423,598
2168,1956
2544,3335
1197,3811
3636,736
2498,3281
2459,1337
2446,1191
1115,2719
485,3649
2009,2621
703,274
676,3388
534,3510
1008,2319
519,1024
1144,1679
1364,1714
3993,257
3698,2022
3286,2943
938,580
1511,838
2067,953
1716,3284
1841,1788
2540,764
1622,3938
3596,3742
2447,3970
2677,358
2126,3194
1247,2198
3059,2746
1193,1962
2700,1083
2477,1682
1421,1378
1805,1057
2760,1420
2793,2601
1985,3793
1822,2536
1968,1663
808,353
3874,728
407,2473
3512,1031
1127,2280
1974,2853
398,2816
3328,3241
1891,488
2490,2500
637,1159
2594,1208
553,947
433,1615
19,3977
2091,1486
1899,2602
994,2736
2510,3270
2859,132
78,214
1622,2883
359,344
2614,404
2180,787
297,2029
1744,3618
1558,785
2513,821
1610,2508
2303,559
2394,2302
3503,1934
3274,3904
1858,3542
373,260
2865,537
230,2947
751,2938
3434,3938
2368,3102
498,1828
2225,3903
2234,3758
1977,2134
2286,2206
3300,182
3633,1450
3697,1582
318,664
3295,3139
3296,1130
1015,3555
183,1437
1826,1383
1857,720
786,1348
2583,2881
2203,3351
1403,1826
1665,286
263,1689
315,1535
1613,2721
2073,2957
2287,1842
351,882
2615,3654
2527,3213
777,1379
2794,2032
728,563
1580,234
1036,1686
931,1898
266,2570
3449,60
1248,548
3409,859
1064,205
886,775
1615,2743
2054,4034
3606,2328
3411,758
931,1306
2497,3481
1588,2381
1682,1094
659,3453
1727,3592
1043,177
85,1082
20,737
1450,1333
1232,1065
2067,688
84,1955
490,1912
2770,149
915,3725
1981,3233
529,1209
733,3859
1055,1350
3281,1004
810,1268
1877,3823
377,2370
1708,3277
2739,1411
2818,751
81,2828
1854,2381
693,3888
2179,2028
1223,3871
517,2349
1049,1538
2998,1798
1758,1246
651,2205
2451,2534
78,3236
2669,798
1919,2127
2689,1655
151,779
33,2302
689,1321
701,1756
3714,940
2451,779
1455,1139
1554,3870
3089,2991
611,2138
747,1868
2233,3385
1893,704
2215,1550
83,3800
3815,3233
1862,643
3905,1820
137,51
3139,3849
1220,1532
1909,96
498,305
80,964
3708,2344
2892,3403
1477,440
18,542
2877,1195
1381,3400
3651,868
141,1404
374,641
122,3806
2787,1844
941,2028
2509,3148
333,3142
2889,2928
1870,3462
458,2246
1373,1987
1862,1265
2014,2126
88,1288
345,3063
2965,3023
3838,1716
321,3085
2744,3608
3403,3306
2526,2337
535,2142
3483,614
978,999
225,1506
1946,1807
1815,3167
284,2311
2177,181
2124,3288
1544,907
3486,1507
2775,3189
602,2676
2734,385
1691,1036
3521,2780
2777,1216
3181,2372
1795,3308
1966,214
3116,2896
2433,3830
1811,1598
2792,3919
3399,306
1071,1934
1004,4008
1654,778
1271,165
2192,413
940,2830
2564,1473
2133,116
2474,2736
3148,563
1435,2876
1201,3581
326,2740
3135,1146
2793,875
465,2406
3943,2063
3700,2805
2588,2143
3317,3184
3473,3872
1231,3606
3896,18
2007,965
1608,2747
3380,1013
117,8
3522,1663
746,3353
1947,2497
3571,1479
3810,3119
908,2144
3932,2330
2622,986
1328,2869
454,2176
1961,1410
911,3361
616,555
1436,2030
3085,3997
2946,2579
670,2414
2372,3778
3081,1664
3319,976
129,2027
2852,2225
3166,3756
1110,2984
3229,3714
2565,3004
1083,804
1243,3515
1354,222
573,584
1429,642
3461,1979
2847,3626
3749,712
3085,2603
607,2900
3464,2177
3032,3446
1869,3288
2439,880
2149,1797
23,3046
2428,2140
1981,1049
722,1553
2519,2419
2741,32
2755,266
1416,2581
2427,1484
1979,1396
78,2905
1936,3142
156,2609
2191,3697
2602,3890
3768,2233
894,3985
1635,155
3826,447
3513,2380
43,375
3482,1965
247,256
1723,973
423,1677
676,851
313,1589
2833,1498
886,3170
3391,1516
2283,2288
3606,1521
3231,1890
3070,1575
3214,1206
684,1606
1356,1223
1751,1203
2775,2594
953,1963
1101,1198
304,3143
1769,2392
3221,2963
4000,2509
355,945
1041,520
1123,3927
2503,1425
3596,2504
2290,1942
3037,1117
2628,972
1324,3497
743,1134
2076,909
2993,1880
1304,1370
1565,3744
1830,2552
3496,1988
3003,3884
2321,2886
2348,2891
523,4010
2199,3965
2139,3308
1117,1325
1332,708
2629,2269
22,1444
2477,446
781,3782
187,622
3505,1221
2822,3172
1143,945
139,3381
2144,217
3818,1465
262,2378
1116,3579
2427,3748
343,1541
2533,2417
1930,1394
264,3766
50,2592
941,1964
2573,1555
1637,2558
1120,1524
2160,95
388,2406
1999,2914
1577,407
3781,1109
4008,555
1741,2638
3615,350
797,3378
3464,2711
3741,2224
1436,2927
3466,1473
2839,3443
533,55
1605,3792
2268,652
3480,1063
863,584
1246,802
167,3348
224,1686
1112,2333
315,1722
3823,2592
508,1238
182,1614
2749,3892
3398,2487
2724,95
2805,3324
1271,1322
146,3241
2139,2015
2438,115
1502,2766
170,1907
3039,1130
659,2611
1834,3016
855,173
2656,3543
2071,483
503,3037
715,1217
3490,1796
105,771
1755,3190
234,3739
2551,3331
375,2429
3604,710
314,3875
320,2037
708,2435
1700,1777
2173,2095
2790,484
3443,3999
2154,198
1861,2888
1061,2163
1392,3882
685,2667
3271,2874
1534,2840
4019,185
1045,1493
3042,3596
2935,411
3524,388
1624,2014
2265,2678
3874,584
60,924
2184,591
3639,3915
3612,943
979,2814
2857,612
105,665
1695,16
1043,2915
3417,396
3680,3201
2524,1093
3702,2879
3593,3743
1769,2027
3173,190
3153,47
3374,3720
2559,1312
3112,472
51,1331
1774,2668
290,2719
540,1329
1974,1717
1146,1844
1163,3128
2840,1836
2734,2285
630,1799
476,1927
3888,1584
1806,550
3353,2920
2065,2811
81,4011
2283,3557
3659,420
1909,504
545,2753
522,356
403,1999
2518,1486
3380,332
2841,1226
215,2895
418,4018
2,3405
2497,1198
287,2794
2483,1230
693,825
3545,3266
562,2372
668,1554
1783,3276
3147,1374
931,1975
1753,77
2840,365
605,3380
2281,1681
3562,515
3586,3398
318,2609
2891,2306
762,2898
112,3538
2610,728
3713,997
895,2999
2125,1064
1347,3831
1248,2029
1306,1525
3430,236
3016,4023
1369,3110
865,256
3606,2929
2463,1499
2501,368
1955,1463
1666,2142
1817,1061
1543,1998
629,1488
419,3538
1186,2485
1728,3807
3880,2977
2744,1637
1022,2882
1067,2486
1837,1674
2779,250
224,2286
1787,3928
3557,1089
1598,547
2011,1576
1457,938
547,3733
1204,1994
3175,1131
889,2165
2978,1108
2064,3119
2886,1059
3891,3535
789,2911
601,271
2786,2505
1565,2325
853,2100
2194,3989
727,1278
3780,3480
170,1911
339,1908
1268,640
3955,3810
824,2022
2682,724
347,2685
2276,1393
3000,3302
3920,2333
2884,2303
1576,380
1252,3801
2473,153
3633,2579
1369,2786
4025,215
670,3637
3742,2270
901,1533
2436,2696
2122,1453
2531,3835
2276,374
2186,480
2014,464
1324,2859
2187,3658
1864,718
2294,3994
3344,3802
1437,2290
3577,2788
